GROUP,PACKAGE,CLASS,INSTRUCTION_MISSED,INSTRUCTION_COVERED,BRANCH_MISSED,BRANCH_COVERED,LINE_MISSED,LINE_COVERED,COMPLEXITY_MISSED,COMPLEXITY_COVERED,METHOD_MISSED,METHOD_COVERED
"test (Nov 24, 2014 6:06:21 PM)/security/src",com.lookout.android.apk.heuristic,KnownFileHeuristic,20,41,2,6,6,13,2,5,0,3
"test (Nov 24, 2014 6:06:21 PM)/security/src",com.lookout.android.apk.heuristic,SuspectKnownSignerHeuristic,40,41,4,4,8,12,4,3,0,3
"test (Nov 24, 2014 6:06:21 PM)/security/src",com.lookout.android.apk.heuristic,KnownSignerHeuristic,18,43,2,4,1,10,2,4,0,3
"test (Nov 24, 2014 6:06:21 PM)/security/src",com.lookout.android.apk.heuristic,KnownPackageHeuristic,32,22,2,2,6,7,2,2,0,2
"test (Nov 24, 2014 6:06:21 PM)/security/src",com.lookout.android.dex.vm,I22x,0,19,0,0,0,5,0,4,0,4
"test (Nov 24, 2014 6:06:21 PM)/security/src",com.lookout.android.dex.vm,OpCode,3,0,0,0,1,0,1,0,1,0
"test (Nov 24, 2014 6:06:21 PM)/security/src",com.lookout.android.dex.vm,I3rms,0,26,0,0,0,6,0,5,0,5
"test (Nov 24, 2014 6:06:21 PM)/security/src",com.lookout.android.dex.vm,ConstWide32,0,35,0,0,0,10,0,5,0,5
"test (Nov 24, 2014 6:06:21 PM)/security/src",com.lookout.android.dex.vm,PackedSwitch,35,43,4,2,2,9,5,6,2,6
"test (Nov 24, 2014 6:06:21 PM)/security/src",com.lookout.android.dex.vm,Instruction,85,85,6,0,14,15,8,13,5,13
"test (Nov 24, 2014 6:06:21 PM)/security/src",com.lookout.android.dex.vm,Const,22,33,0,0,1,10,1,5,1,5
"test (Nov 24, 2014 6:06:21 PM)/security/src",com.lookout.android.dex.vm,IfTestZ,22,11,0,0,1,4,1,3,1,3
"test (Nov 24, 2014 6:06:21 PM)/security/src",com.lookout.android.dex.vm,I22b,0,26,0,0,0,6,0,5,0,5
"test (Nov 24, 2014 6:06:21 PM)/security/src",com.lookout.android.dex.vm,Goto,16,8,0,0,1,3,1,2,1,2
"test (Nov 24, 2014 6:06:21 PM)/security/src",com.lookout.android.dex.vm,ValueArrayInstance,124,79,16,3,19,16,15,6,0,5
"test (Nov 24, 2014 6:06:21 PM)/security/src",com.lookout.android.dex.vm,SparseSwitch.Payload,7,93,0,8,1,17,1,8,1,4
"test (Nov 24, 2014 6:06:21 PM)/security/src",com.lookout.android.dex.vm,I11n,0,21,0,0,0,5,0,4,0,4
"test (Nov 24, 2014 6:06:21 PM)/security/src",com.lookout.android.dex.vm,InstanceOp,0,32,0,0,0,10,0,5,0,5
"test (Nov 24, 2014 6:06:21 PM)/security/src",com.lookout.android.dex.vm,InvocationType,25,114,3,3,4,10,5,6,2,4
"test (Nov 24, 2014 6:06:21 PM)/security/src",com.lookout.android.dex.vm,I22t,0,28,0,0,0,6,0,5,0,5
"test (Nov 24, 2014 6:06:21 PM)/security/src",com.lookout.android.dex.vm,I31i,0,19,0,0,0,5,0,4,0,4
"test (Nov 24, 2014 6:06:21 PM)/security/src",com.lookout.android.dex.vm,FillArrayData,215,0,18,0,45,0,15,0,6,0
"test (Nov 24, 2014 6:06:21 PM)/security/src",com.lookout.android.dex.vm,MoveObjectFrom16,21,0,0,0,7,0,4,0,4,0
"test (Nov 24, 2014 6:06:21 PM)/security/src",com.lookout.android.dex.vm,Goto16,16,8,0,0,1,3,1,2,1,2
"test (Nov 24, 2014 6:06:21 PM)/security/src",com.lookout.android.dex.vm,MoveObject,21,0,0,0,7,0,4,0,4,0
"test (Nov 24, 2014 6:06:21 PM)/security/src",com.lookout.android.dex.vm,ReturnWide,0,18,0,0,0,6,0,3,0,3
"test (Nov 24, 2014 6:06:21 PM)/security/src",com.lookout.android.dex.vm,MoveWide,0,23,0,0,0,7,0,4,0,4
"test (Nov 24, 2014 6:06:21 PM)/security/src",com.lookout.android.dex.vm,I35c,0,64,0,0,0,10,0,9,0,9
"test (Nov 24, 2014 6:06:21 PM)/security/src",com.lookout.android.dex.vm,Const16,0,43,0,2,0,13,0,6,0,5
"test (Nov 24, 2014 6:06:21 PM)/security/src",com.lookout.android.dex.vm,Goto32,16,8,0,0,1,3,1,2,1,2
"test (Nov 24, 2014 6:06:21 PM)/security/src",com.lookout.android.dex.vm,I10t,0,12,0,0,0,4,0,3,0,3
"test (Nov 24, 2014 6:06:21 PM)/security/src",com.lookout.android.dex.vm,ConstWide16,0,34,0,0,0,10,0,5,0,5
"test (Nov 24, 2014 6:06:21 PM)/security/src",com.lookout.android.dex.vm,Heap,8,210,2,6,1,40,2,10,0,8
"test (Nov 24, 2014 6:06:21 PM)/security/src",com.lookout.android.dex.vm,MoveResult,16,16,0,0,1,5,1,3,1,3
"test (Nov 24, 2014 6:06:21 PM)/security/src",com.lookout.android.dex.vm,ConstStringJumbo,0,42,1,1,0,11,1,5,0,5
"test (Nov 24, 2014 6:06:21 PM)/security/src",com.lookout.android.dex.vm,InstructionFactory,51,36,1,1,8,4,2,1,1,1
"test (Nov 24, 2014 6:06:21 PM)/security/src",com.lookout.android.dex.vm,OpcodeRegistry,7,1275,0,0,1,258,1,6,1,6
"test (Nov 24, 2014 6:06:21 PM)/security/src",com.lookout.android.dex.vm,Nop,5,0,0,0,2,0,1,0,1,0
"test (Nov 24, 2014 6:06:21 PM)/security/src",com.lookout.android.dex.vm,IPut,65,57,2,5,7,19,3,5,1,3
"test (Nov 24, 2014 6:06:21 PM)/security/src",com.lookout.android.dex.vm,InvocationHook,18,0,0,0,8,0,5,0,5,0
"test (Nov 24, 2014 6:06:21 PM)/security/src",com.lookout.android.dex.vm,Type,5,75,0,0,0,6,1,3,1,3
"test (Nov 24, 2014 6:06:21 PM)/security/src",com.lookout.android.dex.vm,ClassLoaderLibrary,46,55,7,7,8,16,7,6,2,4
"test (Nov 24, 2014 6:06:21 PM)/security/src",com.lookout.android.dex.vm,MoveException,16,5,0,0,5,2,2,1,2,1
"test (Nov 24, 2014 6:06:21 PM)/security/src",com.lookout.android.dex.vm,VisitedMethodTracker,8,36,2,2,5,11,5,5,3,5
"test (Nov 24, 2014 6:06:21 PM)/security/src",com.lookout.android.dex.vm,ReturnVoid,0,6,0,0,0,3,0,2,0,2
"test (Nov 24, 2014 6:06:21 PM)/security/src",com.lookout.android.dex.vm,I21s,0,19,0,0,0,5,0,4,0,4
"test (Nov 24, 2014 6:06:21 PM)/security/src",com.lookout.android.dex.vm,ConstWideHigh16,37,0,0,0,10,0,5,0,5,0
"test (Nov 24, 2014 6:06:21 PM)/security/src",com.lookout.android.dex.vm,InstanceOf,26,0,0,0,8,0,5,0,5,0
"test (Nov 24, 2014 6:06:21 PM)/security/src",com.lookout.android.dex.vm,SPut,6,9,0,0,2,4,2,2,2,2
"test (Nov 24, 2014 6:06:21 PM)/security/src",com.lookout.android.dex.vm,I31t,0,19,0,0,0,5,0,4,0,4
"test (Nov 24, 2014 6:06:21 PM)/security/src",com.lookout.android.dex.vm,Move,0,21,0,0,0,7,0,4,0,4
"test (Nov 24, 2014 6:06:21 PM)/security/src",com.lookout.android.dex.vm,Move16,0,21,0,0,0,7,0,4,0,4
"test (Nov 24, 2014 6:06:21 PM)/security/src",com.lookout.android.dex.vm,I22cs,0,28,0,0,0,6,0,5,0,5
"test (Nov 24, 2014 6:06:21 PM)/security/src",com.lookout.android.dex.vm,Binop2Addr,19,0,0,0,7,0,6,0,6,0
"test (Nov 24, 2014 6:06:21 PM)/security/src",com.lookout.android.dex.vm,I35ms,0,64,0,0,0,10,0,9,0,9
"test (Nov 24, 2014 6:06:21 PM)/security/src",com.lookout.android.dex.vm,I35mi,0,64,0,0,0,10,0,9,0,9
"test (Nov 24, 2014 6:06:21 PM)/security/src",com.lookout.android.dex.vm,InvokeList,89,139,8,12,15,34,6,16,1,9
"test (Nov 24, 2014 6:06:21 PM)/security/src",com.lookout.android.dex.vm,I30t,0,14,0,0,0,4,0,3,0,3
"test (Nov 24, 2014 6:06:21 PM)/security/src",com.lookout.android.dex.vm,I22s,0,28,0,0,0,6,0,5,0,5
"test (Nov 24, 2014 6:06:21 PM)/security/src",com.lookout.android.dex.vm,IGet,49,45,3,3,7,13,4,3,1,3
"test (Nov 24, 2014 6:06:21 PM)/security/src",com.lookout.android.dex.vm,I51l,0,19,0,0,0,5,0,4,0,4
"test (Nov 24, 2014 6:06:21 PM)/security/src",com.lookout.android.dex.vm,I23x,0,26,0,0,0,6,0,5,0,5
"test (Nov 24, 2014 6:06:21 PM)/security/src",com.lookout.android.dex.vm,SparseSwitch,35,39,4,2,2,8,5,5,2,5
"test (Nov 24, 2014 6:06:21 PM)/security/src",com.lookout.android.dex.vm,AGet,106,0,6,0,24,0,9,0,6,0
"test (Nov 24, 2014 6:06:21 PM)/security/src",com.lookout.android.dex.vm,InvokeRange,92,135,5,5,15,28,5,10,1,9
"test (Nov 24, 2014 6:06:21 PM)/security/src",com.lookout.android.dex.vm,MoveResultWide,0,20,0,0,0,7,0,3,0,3
"test (Nov 24, 2014 6:06:21 PM)/security/src",com.lookout.android.dex.vm,I11x,0,12,0,0,0,4,0,3,0,3
"test (Nov 24, 2014 6:06:21 PM)/security/src",com.lookout.android.dex.vm,I3rc,0,26,0,0,0,6,0,5,0,5
"test (Nov 24, 2014 6:06:21 PM)/security/src",com.lookout.android.dex.vm,CheckCast,23,0,0,0,7,0,4,0,4,0
"test (Nov 24, 2014 6:06:21 PM)/security/src",com.lookout.android.dex.vm,Reference,41,39,6,4,7,11,5,8,2,6
"test (Nov 24, 2014 6:06:21 PM)/security/src",com.lookout.android.dex.vm,MoveWideFrom16,0,21,0,0,0,7,0,4,0,4
"test (Nov 24, 2014 6:06:21 PM)/security/src",com.lookout.android.dex.vm,APut,91,93,15,11,14,21,14,6,1,6
"test (Nov 24, 2014 6:06:21 PM)/security/src",com.lookout.android.dex.vm,ObjectInstance,121,131,16,12,17,29,14,10,3,7
"test (Nov 24, 2014 6:06:21 PM)/security/src",com.lookout.android.dex.vm,PackedSwitch.Payload,7,61,0,4,1,11,1,6,1,4
"test (Nov 24, 2014 6:06:21 PM)/security/src",com.lookout.android.dex.vm,MoveFrom16,22,21,0,0,1,7,1,4,1,4
"test (Nov 24, 2014 6:06:21 PM)/security/src",com.lookout.android.dex.vm,BinopLit16,54,0,0,0,11,0,7,0,7,0
"test (Nov 24, 2014 6:06:21 PM)/security/src",com.lookout.android.dex.vm,ClassLoader,38,39,6,0,12,12,7,7,4,7
"test (Nov 24, 2014 6:06:21 PM)/security/src",com.lookout.android.dex.vm,DexClassLoader,172,154,11,19,33,39,12,20,5,12
"test (Nov 24, 2014 6:06:21 PM)/security/src",com.lookout.android.dex.vm,Unop,215,122,15,7,45,31,16,11,1,5
"test (Nov 24, 2014 6:06:21 PM)/security/src",com.lookout.android.dex.vm,I21c,0,19,0,0,0,5,0,4,0,4
"test (Nov 24, 2014 6:06:21 PM)/security/src",com.lookout.android.dex.vm,I10x,0,65,0,5,0,13,0,9,0,5
"test (Nov 24, 2014 6:06:21 PM)/security/src",com.lookout.android.dex.vm,I22c,0,28,0,0,0,6,0,5,0,5
"test (Nov 24, 2014 6:06:21 PM)/security/src",com.lookout.android.dex.vm,ConstHigh16,0,36,0,0,0,10,0,5,0,5
"test (Nov 24, 2014 6:06:21 PM)/security/src",com.lookout.android.dex.vm,FilledNewArrayRange,81,104,11,6,11,26,10,9,2,8
"test (Nov 24, 2014 6:06:21 PM)/security/src",com.lookout.android.dex.vm,I20bc,0,19,0,0,0,5,0,4,0,4
"test (Nov 24, 2014 6:06:21 PM)/security/src",com.lookout.android.dex.vm,ConstWide,0,32,0,0,0,10,0,5,0,5
"test (Nov 24, 2014 6:06:21 PM)/security/src",com.lookout.android.dex.vm,VM,11,56,0,4,5,16,3,9,3,7
"test (Nov 24, 2014 6:06:21 PM)/security/src",com.lookout.android.dex.vm,MoveWide16,21,0,0,0,7,0,4,0,4,0
"test (Nov 24, 2014 6:06:21 PM)/security/src",com.lookout.android.dex.vm,MoveResultObject,0,18,0,0,0,6,0,3,0,3
"test (Nov 24, 2014 6:06:21 PM)/security/src",com.lookout.android.dex.vm,I20t,0,14,0,0,0,4,0,3,0,3
"test (Nov 24, 2014 6:06:21 PM)/security/src",com.lookout.android.dex.vm,Frame,195,229,28,14,25,59,26,25,8,20
"test (Nov 24, 2014 6:06:21 PM)/security/src",com.lookout.android.dex.vm,BasicInstructionHook,3,3,0,0,2,1,2,1,2,1
"test (Nov 24, 2014 6:06:21 PM)/security/src",com.lookout.android.dex.vm,I3rmi,0,26,0,0,0,6,0,5,0,5
"test (Nov 24, 2014 6:06:21 PM)/security/src",com.lookout.android.dex.vm,Decoder,8,67,0,2,3,12,2,5,2,4
"test (Nov 24, 2014 6:06:21 PM)/security/src",com.lookout.android.dex.vm,RuntimeContext,102,377,14,24,22,76,14,24,4,15
"test (Nov 24, 2014 6:06:21 PM)/security/src",com.lookout.android.dex.vm,MoveObject16,21,0,0,0,7,0,4,0,4,0
"test (Nov 24, 2014 6:06:21 PM)/security/src",com.lookout.android.dex.vm,I21t,0,19,0,0,0,5,0,4,0,4
"test (Nov 24, 2014 6:06:21 PM)/security/src",com.lookout.android.dex.vm,NewInstance,32,45,0,0,2,12,1,5,1,5
"test (Nov 24, 2014 6:06:21 PM)/security/src",com.lookout.android.dex.vm,Value,211,401,58,28,28,109,47,48,8,38
"test (Nov 24, 2014 6:06:21 PM)/security/src",com.lookout.android.dex.vm,Return,0,16,0,0,0,5,0,3,0,3
"test (Nov 24, 2014 6:06:21 PM)/security/src",com.lookout.android.dex.vm,Binop,19,0,0,0,7,0,6,0,6,0
"test (Nov 24, 2014 6:06:21 PM)/security/src",com.lookout.android.dex.vm,ConstClass,3,43,1,1,1,13,1,5,0,5
"test (Nov 24, 2014 6:06:21 PM)/security/src",com.lookout.android.dex.vm,I21h,0,19,0,0,0,5,0,4,0,4
"test (Nov 24, 2014 6:06:21 PM)/security/src",com.lookout.android.dex.vm,SGet,10,5,0,0,4,2,3,1,3,1
"test (Nov 24, 2014 6:06:21 PM)/security/src",com.lookout.android.dex.vm,ReturnObject,0,16,0,0,0,5,0,3,0,3
"test (Nov 24, 2014 6:06:21 PM)/security/src",com.lookout.android.dex.vm,IfTest,28,14,0,0,1,5,1,4,1,4
"test (Nov 24, 2014 6:06:21 PM)/security/src",com.lookout.android.dex.vm,I00x,0,7,0,0,0,3,0,2,0,2
"test (Nov 24, 2014 6:06:21 PM)/security/src",com.lookout.android.dex.vm,MissingCodeFilter,46,0,4,0,10,0,6,0,4,0
"test (Nov 24, 2014 6:06:21 PM)/security/src",com.lookout.android.dex.vm,UnknownInstructionException,12,0,0,0,2,0,1,0,1,0
"test (Nov 24, 2014 6:06:21 PM)/security/src",com.lookout.android.dex.vm,Instance,3,15,0,0,1,6,1,2,1,2
"test (Nov 24, 2014 6:06:21 PM)/security/src",com.lookout.android.dex.vm,Const4,22,31,0,0,1,10,1,5,1,5
"test (Nov 24, 2014 6:06:21 PM)/security/src",com.lookout.android.dex.vm,CallGraphBuilder,67,0,8,0,20,0,8,0,4,0
"test (Nov 24, 2014 6:06:21 PM)/security/src",com.lookout.android.dex.vm,ReferenceArrayInstance,11,32,0,2,3,7,2,4,2,3
"test (Nov 24, 2014 6:06:21 PM)/security/src",com.lookout.android.dex.vm,SymbolicExecutionVM,87,328,6,36,13,79,9,30,3,15
"test (Nov 24, 2014 6:06:21 PM)/security/src",com.lookout.android.dex.vm,I32x,0,21,0,0,0,5,0,4,0,4
"test (Nov 24, 2014 6:06:21 PM)/security/src",com.lookout.android.dex.vm,I12x,0,21,0,0,0,5,0,4,0,4
"test (Nov 24, 2014 6:06:21 PM)/security/src",com.lookout.android.dex.vm,ConstString,19,56,0,0,1,15,1,6,1,6
"test (Nov 24, 2014 6:06:21 PM)/security/src",com.lookout.android.dex.vm,I31c,0,19,0,0,0,5,0,4,0,4
"test (Nov 24, 2014 6:06:21 PM)/security/src",com.lookout.android.dex.vm,FilledNewArray,92,126,13,12,12,32,11,13,1,8
"test (Nov 24, 2014 6:06:21 PM)/security/src",com.lookout.android.dex.vm,NewArray,45,87,4,4,2,23,4,8,1,7
"test (Nov 24, 2014 6:06:21 PM)/security/src",com.lookout.android.dex.vm,BinopLit8,44,10,0,0,7,4,4,3,4,3
"test (Nov 24, 2014 6:06:21 PM)/security/src",com.lookout.mimetype,TikaResourceMetadataFactory,32,362,3,15,5,74,3,13,0,7
"test (Nov 24, 2014 6:06:21 PM)/security/src",com.lookout.mimetype,TikaResourceScanner,111,0,4,0,16,0,4,0,2,0
"test (Nov 24, 2014 6:06:21 PM)/security/src",com.lookout.mimetype,ApkDetector,19,175,0,40,5,43,0,23,0,3
"test (Nov 24, 2014 6:06:21 PM)/security/src",com.lookout.mimetype,MagicTypes,5,115,1,11,2,25,1,8,0,3
"test (Nov 24, 2014 6:06:21 PM)/security/src",com.lookout.mimetype,TikaFileFactory,13,89,0,6,2,18,0,7,0,4
"test (Nov 24, 2014 6:06:21 PM)/security/src",com.lookout.mimetype,TikaAndApkResourceMetadataFactory,166,0,8,0,41,0,9,0,5,0
"test (Nov 24, 2014 6:06:21 PM)/security/src",com.lookout.mimetype,IpaDetector,28,108,1,5,7,28,1,6,0,4
"test (Nov 24, 2014 6:06:21 PM)/security/src",com.lookout.android.dex.analysis,DexEdge.Relation,50,0,0,0,3,0,4,0,4,0
"test (Nov 24, 2014 6:06:21 PM)/security/src",com.lookout.android.dex.analysis,CodeIndexLoader,53,99,2,6,18,23,6,10,4,8
"test (Nov 24, 2014 6:06:21 PM)/security/src",com.lookout.android.dex.analysis,CharacteristicPolicy,0,92,0,2,0,20,0,7,0,6
"test (Nov 24, 2014 6:06:21 PM)/security/src",com.lookout.android.dex.analysis,SymbolicInstructionFilter,21,0,8,0,3,0,7,0,3,0
"test (Nov 24, 2014 6:06:21 PM)/security/src",com.lookout.android.dex.analysis,EntrypointResolver,18,153,1,9,3,38,1,13,0,9
"test (Nov 24, 2014 6:06:21 PM)/security/src",com.lookout.android.dex.analysis,Terminator,3,0,0,0,1,0,1,0,1,0
"test (Nov 24, 2014 6:06:21 PM)/security/src",com.lookout.android.dex.analysis,DexVertex,10,0,0,0,4,0,2,0,2,0
"test (Nov 24, 2014 6:06:21 PM)/security/src",com.lookout.android.dex.analysis,SearchResult,21,24,4,0,4,9,3,4,1,4
"test (Nov 24, 2014 6:06:21 PM)/security/src",com.lookout.android.dex.analysis,AbnormalEndianMagicHeuristic,13,35,1,3,1,10,1,3,0,2
"test (Nov 24, 2014 6:06:21 PM)/security/src",com.lookout.android.dex.analysis,Digester,0,8,0,0,0,3,0,2,0,2
"test (Nov 24, 2014 6:06:21 PM)/security/src",com.lookout.android.dex.analysis,CodeIndex.SearchResults,0,3,0,0,0,1,0,1,0,1
"test (Nov 24, 2014 6:06:21 PM)/security/src",com.lookout.android.dex.analysis,NGramIndex,29,54,2,2,5,14,2,8,1,7
"test (Nov 24, 2014 6:06:21 PM)/security/src",com.lookout.android.dex.analysis,DexEdge,55,0,4,0,13,0,7,0,5,0
"test (Nov 24, 2014 6:06:21 PM)/security/src",com.lookout.android.dex.analysis,ClassIndexAnalysis,105,281,13,19,22,55,13,18,5,10
"test (Nov 24, 2014 6:06:21 PM)/security/src",com.lookout.android.dex.analysis,SymbolicScanner.new FileSystemVisitor() {...},74,0,2,0,19,0,4,0,3,0
"test (Nov 24, 2014 6:06:21 PM)/security/src",com.lookout.android.dex.analysis,HasCharacteristic,81,53,4,2,15,16,7,6,4,6
"test (Nov 24, 2014 6:06:21 PM)/security/src",com.lookout.android.dex.analysis,NonContiguousSectionHeuristic.SectionInfo,18,17,0,0,1,5,1,1,1,1
"test (Nov 24, 2014 6:06:21 PM)/security/src",com.lookout.android.dex.analysis,DexDiffViz,106,0,0,0,22,0,3,0,3,0
"test (Nov 24, 2014 6:06:21 PM)/security/src",com.lookout.android.dex.analysis,CodeIndex,111,302,6,26,20,67,7,24,3,12
"test (Nov 24, 2014 6:06:21 PM)/security/src",com.lookout.android.dex.analysis,ReturnFilter,25,0,2,0,7,0,5,0,4,0
"test (Nov 24, 2014 6:06:21 PM)/security/src",com.lookout.android.dex.analysis,NonContiguousSectionHeuristic,13,178,1,7,1,33,1,7,0,4
"test (Nov 24, 2014 6:06:21 PM)/security/src",com.lookout.android.dex.analysis,TypeDescriptorContext,37,9,4,0,8,4,5,2,3,2
"test (Nov 24, 2014 6:06:21 PM)/security/src",com.lookout.android.dex.analysis,DexGraphBuilder,375,0,30,0,81,0,24,0,9,0
"test (Nov 24, 2014 6:06:21 PM)/security/src",com.lookout.android.dex.analysis,DexMap,17,0,0,0,5,0,2,0,2,0
"test (Nov 24, 2014 6:06:21 PM)/security/src",com.lookout.android.dex.analysis,AbnormalTypeDescriptorHeuristic,13,59,1,3,1,16,1,4,0,3
"test (Nov 24, 2014 6:06:21 PM)/security/src",com.lookout.android.dex.analysis,CapabilityListener,51,0,2,0,15,0,6,0,5,0
"test (Nov 24, 2014 6:06:21 PM)/security/src",com.lookout.android.dex.analysis,ActiveCallGraphBuilder,78,0,4,0,17,0,6,0,4,0
"test (Nov 24, 2014 6:06:21 PM)/security/src",com.lookout.android.dex.analysis,AbnormalClassInterfacesHeuristic,16,60,3,5,3,17,3,4,0,3
"test (Nov 24, 2014 6:06:21 PM)/security/src",com.lookout.android.dex.analysis,ChecksumDigester,12,139,0,0,4,25,2,7,2,7
"test (Nov 24, 2014 6:06:21 PM)/security/src",com.lookout.android.dex.analysis,ClassIndex,68,369,2,16,13,87,4,28,2,21
"test (Nov 24, 2014 6:06:21 PM)/security/src",com.lookout.android.dex.analysis,HasCodeFamily,239,0,28,0,65,0,29,0,15,0
"test (Nov 24, 2014 6:06:21 PM)/security/src",com.lookout.android.dex.analysis,ClassIndex.SearchResults,0,3,0,0,0,1,0,1,0,1
"test (Nov 24, 2014 6:06:21 PM)/security/src",com.lookout.android.dex.analysis,GeneSequencer,48,289,2,18,11,70,4,19,2,11
"test (Nov 24, 2014 6:06:21 PM)/security/src",com.lookout.android.dex.analysis,ScoreMatrix,6,164,4,14,2,36,4,12,0,7
"test (Nov 24, 2014 6:06:21 PM)/security/src",com.lookout.android.dex.analysis,ClassStructureComparator.Statistics,36,0,0,0,12,0,6,0,6,0
"test (Nov 24, 2014 6:06:21 PM)/security/src",com.lookout.android.dex.analysis,DexEdgeFactory,54,0,8,0,8,0,7,0,3,0
"test (Nov 24, 2014 6:06:21 PM)/security/src",com.lookout.android.dex.analysis,AbnormalClassPathHeuristic,13,217,1,9,1,28,1,8,0,4
"test (Nov 24, 2014 6:06:21 PM)/security/src",com.lookout.android.dex.analysis,DexGraph,86,0,12,0,24,0,11,0,5,0
"test (Nov 24, 2014 6:06:21 PM)/security/src",com.lookout.android.dex.analysis,AbnormalLinkSectionHeuristic,13,50,2,6,1,15,2,4,0,2
"test (Nov 24, 2014 6:06:21 PM)/security/src",com.lookout.android.dex.analysis,RequiresPermission,21,0,0,0,6,0,4,0,4,0
"test (Nov 24, 2014 6:06:21 PM)/security/src",com.lookout.android.dex.analysis,MethodImprint,65,190,1,1,13,57,3,21,2,21
"test (Nov 24, 2014 6:06:21 PM)/security/src",com.lookout.android.dex.analysis,APIPolicy,302,83,28,4,61,26,24,5,8,5
"test (Nov 24, 2014 6:06:21 PM)/security/src",com.lookout.android.dex.analysis,CodeFamily,109,0,6,0,34,0,11,0,8,0
"test (Nov 24, 2014 6:06:21 PM)/security/src",com.lookout.android.dex.analysis,DexGraphSearch,127,0,12,0,27,0,8,0,2,0
"test (Nov 24, 2014 6:06:21 PM)/security/src",com.lookout.android.dex.analysis,DexGraphViz,441,0,24,0,83,0,19,0,7,0
"test (Nov 24, 2014 6:06:21 PM)/security/src",com.lookout.android.dex.analysis,AbnormalStringSortHeuristic,13,56,1,5,1,17,1,4,0,2
"test (Nov 24, 2014 6:06:21 PM)/security/src",com.lookout.android.dex.analysis,HasCapability,193,68,24,6,47,19,24,6,10,5
"test (Nov 24, 2014 6:06:21 PM)/security/src",com.lookout.android.dex.analysis,EntrypointExecutor,11,126,4,16,3,25,3,12,0,5
"test (Nov 24, 2014 6:06:21 PM)/security/src",com.lookout.android.dex.analysis,CallStackContext,103,0,6,0,23,0,11,0,8,0
"test (Nov 24, 2014 6:06:21 PM)/security/src",com.lookout.android.dex.analysis,NGramTable,51,272,4,22,8,61,5,21,2,11
"test (Nov 24, 2014 6:06:21 PM)/security/src",com.lookout.android.dex.analysis,NonContiguousSectionHeuristic.new Comparator() {...},0,12,0,0,0,3,0,2,0,2
"test (Nov 24, 2014 6:06:21 PM)/security/src",com.lookout.android.dex.analysis,ClassStructureComparator,185,0,28,0,27,0,18,0,4,0
"test (Nov 24, 2014 6:06:21 PM)/security/src",com.lookout.android.dex.analysis,CodeIndexAnalysis,42,448,8,34,8,87,9,29,2,15
"test (Nov 24, 2014 6:06:21 PM)/security/src",com.lookout.android.dex.analysis,SectionContext,40,39,2,2,7,11,4,4,2,4
"test (Nov 24, 2014 6:06:21 PM)/security/src",com.lookout.android.dex.analysis,StrongTypablePackages,5,40,2,4,2,9,3,3,1,2
"test (Nov 24, 2014 6:06:21 PM)/security/src",com.lookout.android.dex.analysis,CodeIndexSaver,8,27,0,0,2,8,1,1,1,1
"test (Nov 24, 2014 6:06:21 PM)/security/src",com.lookout.android.dex.analysis,DexCallGraph,51,0,6,0,14,0,6,0,3,0
"test (Nov 24, 2014 6:06:21 PM)/security/src",com.lookout.android.dex.analysis,AbnormalHeaderSizeHeuristic,13,35,1,3,1,10,1,3,0,2
"test (Nov 24, 2014 6:06:21 PM)/security/src",com.lookout.android.dex.analysis,Nucleotide,2,38,1,5,1,13,1,8,0,6
"test (Nov 24, 2014 6:06:21 PM)/security/src",com.lookout.android.dex.analysis,NGramSet,10,126,1,5,4,27,2,11,1,9
"test (Nov 24, 2014 6:06:21 PM)/security/src",com.lookout.android.dex.analysis,MethodImprint.SearchResults,3,0,0,0,1,0,1,0,1,0
"test (Nov 24, 2014 6:06:21 PM)/security/src",com.lookout.android.dex.analysis,NGram,6,237,2,22,3,47,3,21,1,11
"test (Nov 24, 2014 6:06:21 PM)/security/src",com.lookout.android.dex.analysis,OutOfBandExecutionListener,295,4,52,0,64,2,36,1,10,1
"test (Nov 24, 2014 6:06:21 PM)/security/src",com.lookout.android.dex.analysis,SymbolicScanner,330,12,14,0,75,3,13,2,6,2
"test (Nov 24, 2014 6:06:21 PM)/security/src",com.lookout.graph,Node,24,0,0,0,10,0,5,0,5,0
"test (Nov 24, 2014 6:06:21 PM)/security/src",com.lookout.scan.file,ContainerFile,51,165,0,8,8,47,1,14,1,10
"test (Nov 24, 2014 6:06:21 PM)/security/src",com.lookout.scan.file,BasicScannableFile,57,83,3,1,17,20,7,9,5,9
"test (Nov 24, 2014 6:06:21 PM)/security/src",com.lookout.scan.file,FileFactory,0,6,0,0,0,2,0,1,0,1
"test (Nov 24, 2014 6:06:21 PM)/security/src",com.lookout.android.dex.scan.assertion,MatchesPattern,50,9,2,0,9,4,4,1,3,1
"test (Nov 24, 2014 6:06:21 PM)/security/src",com.lookout.android.dex.scan.assertion,HasSimilaritiesTo,17,0,0,0,7,0,4,0,4,0
"test (Nov 24, 2014 6:06:21 PM)/security/src",com.lookout.android.dex.scan.assertion,HasString,66,12,4,0,13,5,5,1,3,1
"test (Nov 24, 2014 6:06:21 PM)/security/src",com.lookout.android.dex.scan.assertion,HasClass,2,34,0,2,1,10,1,4,1,3
"test (Nov 24, 2014 6:06:21 PM)/security/src",com.lookout.android.dex.scan.assertion,ReferencesType,40,0,2,0,11,0,5,0,4,0
"test (Nov 24, 2014 6:06:21 PM)/security/src",com.lookout.android.dex,DexDump,31,0,0,0,10,0,2,0,2,0
"test (Nov 24, 2014 6:06:21 PM)/security/src",com.lookout.android.dex,AccessFlag,62,133,10,0,13,36,8,1,3,1
"test (Nov 24, 2014 6:06:21 PM)/security/src",com.lookout.android.dex,DexLoader,3,0,0,0,1,0,1,0,1,0
"test (Nov 24, 2014 6:06:21 PM)/security/src",com.lookout.android.apk.layout,LayoutCallbackResolver,68,0,10,0,12,0,7,0,2,0
"test (Nov 24, 2014 6:06:21 PM)/security/src",com.lookout.android.apk.layout,Layout,82,0,6,0,26,0,9,0,6,0
"test (Nov 24, 2014 6:06:21 PM)/security/src",com.lookout.file,FileType,516,0,76,0,90,0,57,0,19,0
"test (Nov 24, 2014 6:06:21 PM)/security/src",com.lookout.file,IpaFileMatcherBuilder,0,58,0,0,0,12,0,4,0,4
"test (Nov 24, 2014 6:06:21 PM)/security/src",com.lookout.file,MediaTypeValues,3,40,0,0,1,13,1,1,1,1
"test (Nov 24, 2014 6:06:21 PM)/security/src",com.lookout.file,FileMatcher,0,44,0,6,0,12,0,6,0,3
"test (Nov 24, 2014 6:06:21 PM)/security/src",com.lookout.security.threatnet.policy.v3,PolicyLoader,20,77,2,12,4,21,4,7,2,2
"test (Nov 24, 2014 6:06:21 PM)/security/src",com.lookout.security.threatnet.policy.v3,ScannableTypeLoader,14,41,4,7,4,14,5,5,1,3
"test (Nov 24, 2014 6:06:21 PM)/security/src",com.lookout.security.threatnet.policy.v3,WhitelistLoader,6,40,3,3,2,12,4,2,1,2
"test (Nov 24, 2014 6:06:21 PM)/security/src",com.lookout.security.threatnet.policy.v3,KnowledgeBaseLoader,17,182,6,34,5,44,7,17,1,2
"test (Nov 24, 2014 6:06:21 PM)/security/src",com.lookout.security.threatnet.policy.v3,SmsHeuristicLoader,15,0,2,0,5,0,3,0,2,0
"test (Nov 24, 2014 6:06:21 PM)/security/src",com.lookout.security.threatnet.policy.v3,SmsContentPatternLoader,42,0,6,0,12,0,6,0,3,0
"test (Nov 24, 2014 6:06:21 PM)/security/src",com.lookout.security.threatnet.policy.v3,SimpleByteSequenceHeuristicLoader,3,41,4,4,1,12,5,2,1,2
"test (Nov 24, 2014 6:06:21 PM)/security/src",com.lookout.security.threatnet.policy.v3,SignatureTableHeuristicLoader,3,46,4,6,1,14,5,3,1,1
"test (Nov 24, 2014 6:06:21 PM)/security/src",com.lookout.security.threatnet.policy.v3,PackageInfoPolicy,3,0,0,0,1,0,1,0,1,0
"test (Nov 24, 2014 6:06:21 PM)/security/src",com.lookout.security.threatnet.policy.v3,HeuristicGroupLoader,8,34,3,10,4,10,4,5,1,1
"test (Nov 24, 2014 6:06:21 PM)/security/src",com.lookout.security.threatnet.policy.v3,HeuristicLoader,3,22,0,4,1,8,1,4,1,1
"test (Nov 24, 2014 6:06:21 PM)/security/src",com.lookout.security.threatnet.policy.v3,TikaTypeLoader,4,46,3,8,2,14,4,5,1,2
"test (Nov 24, 2014 6:06:21 PM)/security/src",com.lookout.android.apk.manifest,MetaData,0,36,0,0,0,9,0,5,0,5
"test (Nov 24, 2014 6:06:21 PM)/security/src",com.lookout.android.apk.manifest,Provider,0,106,1,1,0,27,1,12,0,12
"test (Nov 24, 2014 6:06:21 PM)/security/src",com.lookout.android.apk.manifest,ActivityAlias,0,21,0,0,0,6,0,3,0,3
"test (Nov 24, 2014 6:06:21 PM)/security/src",com.lookout.android.apk.manifest,Screen,0,27,0,0,0,7,0,4,0,4
"test (Nov 24, 2014 6:06:21 PM)/security/src",com.lookout.android.apk.manifest,Permission,0,63,0,0,0,15,0,8,0,8
"test (Nov 24, 2014 6:06:21 PM)/security/src",com.lookout.android.apk.manifest,Context,21,125,0,10,11,32,6,16,6,11
"test (Nov 24, 2014 6:06:21 PM)/security/src",com.lookout.android.apk.manifest,PermissionGroup,0,45,0,0,0,11,0,6,0,6
"test (Nov 24, 2014 6:06:21 PM)/security/src",com.lookout.android.apk.manifest,UsesConfiguration,0,54,0,0,0,13,0,7,0,7
"test (Nov 24, 2014 6:06:21 PM)/security/src",com.lookout.android.apk.manifest,UsesLibrary,0,27,0,0,0,7,0,4,0,4
"test (Nov 24, 2014 6:06:21 PM)/security/src",com.lookout.android.apk.manifest,PermissionTree,0,36,0,0,0,9,0,5,0,5
"test (Nov 24, 2014 6:06:21 PM)/security/src",com.lookout.android.apk.manifest,Activity,0,156,0,0,0,36,0,18,0,18
"test (Nov 24, 2014 6:06:21 PM)/security/src",com.lookout.android.apk.manifest,Data,0,72,0,0,0,17,0,9,0,9
"test (Nov 24, 2014 6:06:21 PM)/security/src",com.lookout.android.apk.manifest,GrantUriPermission,0,36,0,0,0,9,0,5,0,5
"test (Nov 24, 2014 6:06:21 PM)/security/src",com.lookout.android.apk.manifest,Application,0,315,0,18,0,71,0,36,0,27
"test (Nov 24, 2014 6:06:21 PM)/security/src",com.lookout.android.apk.manifest,SupportsScreens,0,63,0,0,0,15,0,8,0,8
"test (Nov 24, 2014 6:06:21 PM)/security/src",com.lookout.android.apk.manifest,IntentFilter,0,118,1,11,0,27,1,13,0,8
"test (Nov 24, 2014 6:06:21 PM)/security/src",com.lookout.android.apk.manifest,UsesFeature,0,36,0,0,0,9,0,5,0,5
"test (Nov 24, 2014 6:06:21 PM)/security/src",com.lookout.android.apk.manifest,Manifest,64,497,6,55,12,134,7,58,1,33
"test (Nov 24, 2014 6:06:21 PM)/security/src",com.lookout.android.apk.manifest,Receiver,0,21,0,0,0,6,0,3,0,3
"test (Nov 24, 2014 6:06:21 PM)/security/src",com.lookout.android.apk.manifest,Service,0,21,0,0,0,6,0,3,0,3
"test (Nov 24, 2014 6:06:21 PM)/security/src",com.lookout.android.apk.manifest,ManifestException,18,5,0,0,4,2,2,1,2,1
"test (Nov 24, 2014 6:06:21 PM)/security/src",com.lookout.android.apk.manifest,Instrumentation,0,63,0,0,0,15,0,8,0,8
"test (Nov 24, 2014 6:06:21 PM)/security/src",com.lookout.cli,ApkDump,39,0,0,0,10,0,2,0,2,0
"test (Nov 24, 2014 6:06:21 PM)/security/src",com.lookout.security.crypto,CryptoProviderException,7,5,0,0,4,2,2,1,2,1
"test (Nov 24, 2014 6:06:21 PM)/security/src",com.lookout.security.crypto,KeyTool.KeystoreProperties,0,10,0,0,0,4,0,1,0,1
"test (Nov 24, 2014 6:06:21 PM)/security/src",com.lookout.security.crypto,KeyObfuscator,435,246,17,3,44,16,17,3,2,2
"test (Nov 24, 2014 6:06:21 PM)/security/src",com.lookout.security.crypto,SimpleCertificateValidator,2,98,1,1,0,21,1,4,0,4
"test (Nov 24, 2014 6:06:21 PM)/security/src",com.lookout.security.crypto,Notary,269,71,12,4,59,18,16,2,8,2
"test (Nov 24, 2014 6:06:21 PM)/security/src",com.lookout.security.crypto,SimpleCrypto,45,45,2,2,23,12,3,2,1,2
"test (Nov 24, 2014 6:06:21 PM)/security/src",com.lookout.security.crypto,X509Tool,92,0,2,0,26,0,4,0,3,0
"test (Nov 24, 2014 6:06:21 PM)/security/src",com.lookout.security.crypto,PasswordUtils,37,50,3,5,6,16,5,3,2,2
"test (Nov 24, 2014 6:06:21 PM)/security/src",com.lookout.security.crypto,NotarizedAttributeTableGenerator,55,0,0,0,9,0,2,0,2,0
"test (Nov 24, 2014 6:06:21 PM)/security/src",com.lookout.security.crypto,CryptoProvider,414,441,22,10,88,62,23,16,9,14
"test (Nov 24, 2014 6:06:21 PM)/security/src",com.lookout.security.crypto,CryptoService,10,14,0,2,2,6,1,2,1,1
"test (Nov 24, 2014 6:06:21 PM)/security/src",com.lookout.security.crypto,KeyStoreSetup,725,0,22,0,146,0,18,0,7,0
"test (Nov 24, 2014 6:06:21 PM)/security/src",com.lookout.security.crypto,KeyTool,717,204,51,7,184,64,35,12,9,9
"test (Nov 24, 2014 6:06:21 PM)/security/src",com.lookout.security.crypto,CryptoTool,178,0,12,0,36,0,13,0,7,0
"test (Nov 24, 2014 6:06:21 PM)/security/src",com.lookout.security.crypto,PasswordEncrypter,24,339,3,11,13,57,4,13,1,9
"test (Nov 24, 2014 6:06:21 PM)/security/src",com.lookout.security.utils,StringUtils,3,54,0,8,1,11,1,5,1,1
"test (Nov 24, 2014 6:06:21 PM)/security/src",com.lookout.security,BaseApkScanner,60,61,4,2,6,19,4,7,1,7
"test (Nov 24, 2014 6:06:21 PM)/security/src",com.lookout.graphviz,NodeBuilder,40,0,2,0,15,0,6,0,5,0
"test (Nov 24, 2014 6:06:21 PM)/security/src",com.lookout.graphviz,StatementBuilder,125,0,4,0,36,0,12,0,10,0
"test (Nov 24, 2014 6:06:21 PM)/security/src",com.lookout.graphviz,GraphBuilder,59,0,4,0,16,0,7,0,5,0
"test (Nov 24, 2014 6:06:21 PM)/security/src",com.lookout.graphviz,EdgeBuilder,59,0,6,0,19,0,8,0,5,0
"test (Nov 24, 2014 6:06:21 PM)/security/src",com.lookout.graphviz,DotFile,8,0,0,0,5,0,3,0,3,0
"test (Nov 24, 2014 6:06:21 PM)/security/src",com.lookout.android.dex.model,TypeTable,49,0,4,0,12,0,5,0,3,0
"test (Nov 24, 2014 6:06:21 PM)/security/src",com.lookout.android.dex.model,ArrayDefinition,43,0,0,0,12,0,6,0,6,0
"test (Nov 24, 2014 6:06:21 PM)/security/src",com.lookout.android.dex.model,StringTable,50,0,4,0,12,0,5,0,3,0
"test (Nov 24, 2014 6:06:21 PM)/security/src",com.lookout.android.dex.model,Field,63,40,4,0,13,16,6,10,4,10
"test (Nov 24, 2014 6:06:21 PM)/security/src",com.lookout.android.dex.model,ClassDefinition,374,270,47,33,69,69,35,37,9,22
"test (Nov 24, 2014 6:06:21 PM)/security/src",com.lookout.android.dex.model,MethodTable,70,0,6,0,17,0,7,0,4,0
"test (Nov 24, 2014 6:06:21 PM)/security/src",com.lookout.android.dex.model,Prototype,101,126,7,7,18,28,8,12,3,10
"test (Nov 24, 2014 6:06:21 PM)/security/src",com.lookout.android.dex.model,Method,125,71,11,5,24,19,11,16,5,14
"test (Nov 24, 2014 6:06:21 PM)/security/src",com.lookout.android.dex.model,PrototypeTable,50,0,4,0,12,0,5,0,3,0
"test (Nov 24, 2014 6:06:21 PM)/security/src",com.lookout.android.dex.model,ClassDefinitionTable,97,0,10,0,21,0,10,0,5,0
"test (Nov 24, 2014 6:06:21 PM)/security/src",com.lookout.android.dex.model,FieldTable,50,0,4,0,12,0,5,0,3,0
"test (Nov 24, 2014 6:06:21 PM)/security/src",com.lookout.scan.file.zip,ZipValidationHeuristic,23,263,7,33,4,55,7,24,0,11
"test (Nov 24, 2014 6:06:21 PM)/security/src",com.lookout.scan.file.zip,RandomAccessFileInputStream,15,82,0,8,4,22,2,8,2,4
"test (Nov 24, 2014 6:06:21 PM)/security/src",com.lookout.scan.file.zip,CentralDirectoryFileHeader,188,175,0,6,22,33,9,19,9,16
"test (Nov 24, 2014 6:06:21 PM)/security/src",com.lookout.scan.file.zip,RandomAccessZipFile,50,374,2,30,5,80,2,29,0,15
"test (Nov 24, 2014 6:06:21 PM)/security/src",com.lookout.scan.file.zip,DataDescriptor,114,0,4,0,29,0,13,0,11,0
"test (Nov 24, 2014 6:06:21 PM)/security/src",com.lookout.scan.file.zip,ZipRecord,8,120,0,8,2,35,2,14,2,10
"test (Nov 24, 2014 6:06:21 PM)/security/src",com.lookout.scan.file.zip,LocalFileHeader,172,90,0,4,20,20,8,14,8,12
"test (Nov 24, 2014 6:06:21 PM)/security/src",com.lookout.scan.file.zip,EndOfCentralDirectory,67,84,2,2,11,20,4,12,2,12
"test (Nov 24, 2014 6:06:21 PM)/security/src",com.lookout.scan.file.zip,RandomAccessZipFile.RAZipEntry,18,107,0,0,1,20,1,7,1,7
"test (Nov 24, 2014 6:06:21 PM)/security/src",com.lookout.scan.file.zip,ZipAnomalyDetected.ZipErrorCode,9,138,2,4,2,17,3,7,1,4
"test (Nov 24, 2014 6:06:21 PM)/security/src",com.lookout.scan.file.zip,ZipAnomalyDetected,8,102,4,4,2,25,4,7,0,7
"test (Nov 24, 2014 6:06:21 PM)/security/src",com.lookout.android.apk.file.assertion,SuspectSigner,65,0,6,0,11,0,8,0,5,0
"test (Nov 24, 2014 6:06:21 PM)/security/src",com.lookout.utils,KuhnMunkresSolver,17,1141,9,141,6,245,9,94,0,25
"test (Nov 24, 2014 6:06:21 PM)/security/src",com.lookout.utils,NoSuchEntryException,19,4,0,0,4,2,2,1,2,1
"test (Nov 24, 2014 6:06:21 PM)/security/src",com.lookout.utils,Sha1Utils,5,47,1,3,2,12,2,4,1,3
"test (Nov 24, 2014 6:06:21 PM)/security/src",com.lookout.utils,ShannonEntropy.new FileSystemVisitor() {...},245,0,10,0,48,0,11,0,6,0
"test (Nov 24, 2014 6:06:21 PM)/security/src",com.lookout.utils,Base64,66,115,16,8,14,25,14,8,2,7
"test (Nov 24, 2014 6:06:21 PM)/security/src",com.lookout.utils,BiggerBufferedInputStream,191,353,35,59,42,74,28,28,3,6
"test (Nov 24, 2014 6:06:21 PM)/security/src",com.lookout.utils,KuhnMunkresSolver.State,5,105,0,0,0,3,1,3,1,3
"test (Nov 24, 2014 6:06:21 PM)/security/src",com.lookout.utils,DexUtil,156,0,20,0,33,0,15,0,5,0
"test (Nov 24, 2014 6:06:21 PM)/security/src",com.lookout.utils,ShannonEntropy,69,149,0,8,18,31,7,12,7,8
"test (Nov 24, 2014 6:06:21 PM)/security/src",com.lookout.utils,ZipUtils,202,0,16,0,43,0,16,0,8,0
"test (Nov 24, 2014 6:06:21 PM)/security/src",com.lookout.utils,Base64.Coder,0,3,0,0,0,1,0,1,0,1
"test (Nov 24, 2014 6:06:21 PM)/security/src",com.lookout.utils,ReusableBufferedInputStreamPool.ReusableBufferedInputStreamFactory,0,10,0,0,0,2,0,2,0,2
"test (Nov 24, 2014 6:06:21 PM)/security/src",com.lookout.utils,GreedyWeightedMatchSolver.Edge,0,15,0,0,0,5,0,1,0,1
"test (Nov 24, 2014 6:06:21 PM)/security/src",com.lookout.utils,Pattern,0,28,0,2,0,6,0,4,0,3
"test (Nov 24, 2014 6:06:21 PM)/security/src",com.lookout.utils,ReusableBufferedInputStream,19,41,0,0,1,17,1,7,1,7
"test (Nov 24, 2014 6:06:21 PM)/security/src",com.lookout.utils,Base64.Decoder,166,2245,27,28,42,75,22,14,1,3
"test (Nov 24, 2014 6:06:21 PM)/security/src",com.lookout.utils,GreedyWeightedMatchSolver.new Comparator() {...},0,30,1,5,0,8,1,4,0,2
"test (Nov 24, 2014 6:06:21 PM)/security/src",com.lookout.utils,IOUtils,45,44,11,9,22,21,13,8,7,4
"test (Nov 24, 2014 6:06:21 PM)/security/src",com.lookout.utils,Hex,31,220,5,26,7,39,6,28,2,6
"test (Nov 24, 2014 6:06:21 PM)/security/src",com.lookout.utils,ArchiveUtils,87,73,4,6,17,22,8,9,5,7
"test (Nov 24, 2014 6:06:21 PM)/security/src",com.lookout.utils,X509SubjectSelector,18,33,1,1,6,9,2,3,1,3
"test (Nov 24, 2014 6:06:21 PM)/security/src",com.lookout.utils,Bytes,384,462,23,23,61,79,26,24,12,15
"test (Nov 24, 2014 6:06:21 PM)/security/src",com.lookout.utils,ShannonEntropyInputStream,4,55,1,3,1,15,2,7,1,6
"test (Nov 24, 2014 6:06:21 PM)/security/src",com.lookout.utils,BoyerMooreMatcher,10,303,3,27,3,88,3,19,0,7
"test (Nov 24, 2014 6:06:21 PM)/security/src",com.lookout.utils,RandomAccessZipUtils,56,77,3,7,9,22,7,7,5,4
"test (Nov 24, 2014 6:06:21 PM)/security/src",com.lookout.utils,Base64.Encoder,375,759,57,19,47,54,38,5,1,3
"test (Nov 24, 2014 6:06:21 PM)/security/src",com.lookout.utils,GreedyWeightedMatchSolver,5,227,1,23,1,43,1,18,0,7
"test (Nov 24, 2014 6:06:21 PM)/security/src",com.lookout.utils,ImprintIO,3,67,0,4,1,13,1,4,1,2
"test (Nov 24, 2014 6:06:21 PM)/security/src",com.lookout.utils,ReusableBufferedInputStreamPool,60,88,3,7,13,33,9,12,7,9
"test (Nov 24, 2014 6:06:21 PM)/security/src",com.lookout.utils,Integers,3,36,0,2,1,7,1,3,1,2
"test (Nov 24, 2014 6:06:21 PM)/security/src",com.lookout.utils,PatternMatcher.State,21,49,0,0,1,2,2,2,2,2
"test (Nov 24, 2014 6:06:21 PM)/security/src",com.lookout.utils,SimpleVectorOps,62,0,6,0,13,0,6,0,3,0
"test (Nov 24, 2014 6:06:21 PM)/security/src",com.lookout.utils,BoyerMoorePattern,0,236,0,20,0,45,0,22,0,12
"test (Nov 24, 2014 6:06:21 PM)/security/src",com.lookout.utils,CyclicPolynomialHash,8,1205,2,8,1,57,2,9,0,6
"test (Nov 24, 2014 6:06:21 PM)/security/src",com.lookout.utils,DigestUtils,49,0,0,0,9,0,3,0,3,0
"test (Nov 24, 2014 6:06:21 PM)/security/src",com.lookout.android.dex.scan,SignatureContext,43,16,10,0,12,4,8,2,3,2
"test (Nov 24, 2014 6:06:21 PM)/security/src",com.lookout.security.threatnet,ApkFilePolicy,39,115,4,4,7,36,3,13,0,12
"test (Nov 24, 2014 6:06:21 PM)/security/src",com.lookout.security.threatnet,ApkScanner,11,37,2,4,3,10,2,5,1,3
"test (Nov 24, 2014 6:06:21 PM)/security/src",com.lookout.security.threatnet,DefaultScannerFactory,28,3,6,0,7,1,4,1,1,1
"test (Nov 24, 2014 6:06:21 PM)/security/src",com.lookout,NotFoundException,4,0,0,0,2,0,1,0,1,0
"test (Nov 24, 2014 6:06:21 PM)/security/src",com.lookout.android.dex.analysis.viz,ColorByClassLoader,71,0,4,0,22,0,8,0,6,0
"test (Nov 24, 2014 6:06:21 PM)/security/src",com.lookout.android.dex.analysis.viz,AppGenomeColoringStrategy,133,0,8,0,32,0,11,0,7,0
"test (Nov 24, 2014 6:06:21 PM)/security/src",com.lookout.definition.v3,MethodSignature,90,86,9,11,17,21,9,11,4,6
"test (Nov 24, 2014 6:06:21 PM)/security/src",com.lookout.definition.v3,ComponentSignature,2,104,2,12,1,23,2,14,0,9
"test (Nov 24, 2014 6:06:21 PM)/security/src",com.lookout.definition.v3,PrototypeConstraint,11,17,0,0,3,5,2,2,2,2
"test (Nov 24, 2014 6:06:21 PM)/security/src",com.lookout.definition.v3,ByteSequenceTable.Sequence,7,0,0,0,1,0,1,0,1,0
"test (Nov 24, 2014 6:06:21 PM)/security/src",com.lookout.definition.v3,LoaderConstraint,43,0,4,0,13,0,7,0,5,0
"test (Nov 24, 2014 6:06:21 PM)/security/src",com.lookout.definition.v3,SimpleByteSequenceTable.Sequence,0,6,0,0,0,1,0,1,0,1
"test (Nov 24, 2014 6:06:21 PM)/security/src",com.lookout.definition.v3,PermissionConstraint,35,0,2,0,9,0,4,0,3,0
"test (Nov 24, 2014 6:06:21 PM)/security/src",com.lookout.definition.v3,AssetPolicy,148,75,16,8,34,17,12,8,3,5
"test (Nov 24, 2014 6:06:21 PM)/security/src",com.lookout.definition.v3,ByteSequenceTable.ElementType,50,0,0,0,4,0,4,0,4,0
"test (Nov 24, 2014 6:06:21 PM)/security/src",com.lookout.definition.v3,PolicyAssertionFactory,3,18,0,2,1,4,1,3,1,2
"test (Nov 24, 2014 6:06:21 PM)/security/src",com.lookout.definition.v3,CallingLoaderConstraint,6,47,2,4,2,14,3,6,1,5
"test (Nov 24, 2014 6:06:21 PM)/security/src",com.lookout.definition.v3,ManifestComponent,33,33,2,2,9,10,4,4,2,4
"test (Nov 24, 2014 6:06:21 PM)/security/src",com.lookout.definition.v3,SimpleByteSequenceTable.Entry,0,6,0,0,0,1,0,1,0,1
"test (Nov 24, 2014 6:06:21 PM)/security/src",com.lookout.definition.v3,EntropyThresholdConstraint,8,20,0,2,4,5,2,3,2,2
"test (Nov 24, 2014 6:06:21 PM)/security/src",com.lookout.definition.v3,IntentFilterConstraint,8,106,2,20,2,24,4,15,2,6
"test (Nov 24, 2014 6:06:21 PM)/security/src",com.lookout.definition.v3,SignatureTable.Entry,0,12,0,0,0,4,0,1,0,1
"test (Nov 24, 2014 6:06:21 PM)/security/src",com.lookout.definition.v3,ByteSequenceTable.Entry,6,0,0,0,1,0,1,0,1,0
"test (Nov 24, 2014 6:06:21 PM)/security/src",com.lookout.definition.v3,ByteSequenceTable.Operator,50,0,0,0,4,0,4,0,4,0
"test (Nov 24, 2014 6:06:21 PM)/security/src",com.lookout.definition.v3,ByteSequenceTable.SequenceElement,6,0,0,0,1,0,1,0,1,0
"test (Nov 24, 2014 6:06:21 PM)/security/src",com.lookout.definition.v3,AssetPathConstraint,12,20,0,0,5,6,3,2,3,2
"test (Nov 24, 2014 6:06:21 PM)/security/src",com.lookout.definition.v3,ByteSequenceTable.Relation,7,0,0,0,1,0,1,0,1,0
"test (Nov 24, 2014 6:06:21 PM)/security/src",com.lookout.definition.v3,SignatureTable,5,148,2,10,2,31,3,9,1,5
"test (Nov 24, 2014 6:06:21 PM)/security/src",com.lookout.definition.v3,ByteSequenceTable,349,0,49,0,79,0,31,0,6,0
"test (Nov 24, 2014 6:06:21 PM)/security/src",com.lookout.definition.v3,AssetSignature,13,93,3,11,3,24,3,11,0,7
"test (Nov 24, 2014 6:06:21 PM)/security/src",com.lookout.definition.v3,ClassSignature,91,119,16,10,19,27,16,11,6,8
"test (Nov 24, 2014 6:06:21 PM)/security/src",com.lookout.definition.v3,ComponentPolicy,190,310,17,31,27,71,15,23,2,12
"test (Nov 24, 2014 6:06:21 PM)/security/src",com.lookout.definition.v3,AssetContext,17,125,1,1,6,20,6,6,5,6
"test (Nov 24, 2014 6:06:21 PM)/security/src",com.lookout.definition.v3,SimpleByteSequenceTable,120,32,8,0,23,10,6,4,2,4
"test (Nov 24, 2014 6:06:21 PM)/security/src",com.lookout.scan,BasicScanContext,71,250,6,14,19,77,8,37,5,30
"test (Nov 24, 2014 6:06:21 PM)/security/src",com.lookout.scan,ResourceTree,10,0,0,0,4,0,3,0,3,0
"test (Nov 24, 2014 6:06:21 PM)/security/src",com.lookout.scan,ScannableInputStream,7,48,0,4,1,16,0,6,0,4
"test (Nov 24, 2014 6:06:21 PM)/security/src",com.lookout.scan,ScanProperties,3,0,0,0,1,0,1,0,1,0
"test (Nov 24, 2014 6:06:21 PM)/security/src",com.lookout.scan,SymbolicScanContext,24,4,1,1,8,2,3,1,2,1
"test (Nov 24, 2014 6:06:21 PM)/security/src",com.lookout.scan,DuplicatePackageEntryDetector,5,69,0,2,1,19,1,4,1,3
"test (Nov 24, 2014 6:06:21 PM)/security/src",com.lookout.scan,HasHighEntropy,20,0,0,0,6,0,4,0,4,0
"test (Nov 24, 2014 6:06:21 PM)/security/src",com.lookout.scan,BasicScannableResource,12,38,2,0,3,14,3,8,2,8
"test (Nov 24, 2014 6:06:21 PM)/security/src",com.lookout.scan,BasicResourceMetadataFactory,0,26,0,0,0,7,0,2,0,2
"test (Nov 24, 2014 6:06:21 PM)/security/src",com.lookout.scan,AssertionResolver,4,101,3,15,1,21,3,9,0,3
"test (Nov 24, 2014 6:06:21 PM)/security/src",com.lookout.scan,ResourceScanner,181,0,8,0,32,0,7,0,3,0
"test (Nov 24, 2014 6:06:21 PM)/security/src",com.lookout.scan,ContentBuffer,113,196,16,24,23,59,14,25,4,15
"test (Nov 24, 2014 6:06:21 PM)/security/src",com.lookout.scan,ResourceMetadata,105,115,14,10,29,29,16,14,8,10
"test (Nov 24, 2014 6:06:21 PM)/security/src",com.lookout.scan,HasAssessment,7,98,1,7,2,24,2,12,1,9
"test (Nov 24, 2014 6:06:21 PM)/security/src",com.lookout.scan,AssertionFilter.TypeOf,0,33,0,4,0,8,0,4,0,2
"test (Nov 24, 2014 6:06:21 PM)/security/src",com.lookout.scan,StreamBufferPool,67,61,5,3,17,16,11,8,8,7
"test (Nov 24, 2014 6:06:21 PM)/security/src",com.lookout.scan,ScannerException,0,15,0,0,0,6,0,3,0,3
"test (Nov 24, 2014 6:06:21 PM)/security/src",com.lookout.scan,CompoundPolicy,70,0,8,0,17,0,9,0,5,0
"test (Nov 24, 2014 6:06:21 PM)/security/src",com.lookout.scan,SmsContentPolicy,26,37,4,2,4,14,3,4,0,4
"test (Nov 24, 2014 6:06:21 PM)/security/src",com.lookout.scan,PolicyInspector,187,0,10,0,32,0,8,0,3,0
"test (Nov 24, 2014 6:06:21 PM)/security/src",com.lookout.scan,DuplicatePackageAsset,0,4,0,0,0,2,0,1,0,1
"test (Nov 24, 2014 6:06:21 PM)/security/src",com.lookout.scan,BasicScanner,5,3,0,0,1,1,1,1,1,1
"test (Nov 24, 2014 6:06:21 PM)/security/src",com.lookout.scan,ResourceAssertionSet,0,28,0,2,0,8,0,4,0,3
"test (Nov 24, 2014 6:06:21 PM)/security/src",com.lookout.scan,AssertionFilter.AnyOf,0,35,0,2,0,7,0,3,0,2
"test (Nov 24, 2014 6:06:21 PM)/security/src",com.lookout.scan,AssertionFilter.AllOf,0,43,0,4,0,11,0,4,0,2
"test (Nov 24, 2014 6:06:21 PM)/security/src",com.lookout.scan,StreamBufferPool.StreamBufferFactory,0,25,0,0,0,6,0,2,0,2
"test (Nov 24, 2014 6:06:21 PM)/security/src",com.lookout.scan,BasicAssertionReactorFactory,9,0,0,0,4,0,2,0,2,0
"test (Nov 24, 2014 6:06:21 PM)/security/src",com.lookout.scan,AssertionSet,77,7,10,0,20,2,9,2,4,2
"test (Nov 24, 2014 6:06:21 PM)/security/src",com.lookout.scan,BasicPolicy,11,35,0,2,4,10,3,4,3,3
"test (Nov 24, 2014 6:06:21 PM)/security/src",com.lookout.scan,PrioritizedHeuristic,0,17,0,0,0,8,0,4,0,4
"test (Nov 24, 2014 6:06:21 PM)/security/src",com.lookout.scan,BasicAssertionReporter,3,0,0,0,1,0,1,0,1,0
"test (Nov 24, 2014 6:06:21 PM)/security/src",com.lookout.scan,SecurityPolicy,10,45,0,0,4,17,3,11,3,11
"test (Nov 24, 2014 6:06:21 PM)/security/src",com.lookout.scan,IsWhitelisted,7,8,0,0,3,2,3,2,3,2
"test (Nov 24, 2014 6:06:21 PM)/security/src",com.lookout.scan,ResourceTree.Entry,20,0,0,0,7,0,3,0,3,0
"test (Nov 24, 2014 6:06:21 PM)/security/src",com.lookout.scan,TikaScanContext,6,17,0,0,1,6,0,1,0,1
"test (Nov 24, 2014 6:06:21 PM)/security/src",com.lookout.scan,AssertionResolver.AssertionComparator,2,63,2,8,1,15,2,5,0,2
"test (Nov 24, 2014 6:06:21 PM)/security/src",com.lookout.scan,PolicyManager,235,152,15,9,46,46,18,12,8,10
"test (Nov 24, 2014 6:06:21 PM)/security/src",com.lookout.scan,AssertionFilter.Has,0,33,0,4,0,9,0,4,0,2
"test (Nov 24, 2014 6:06:21 PM)/security/src",com.lookout.scan,ContainerInspectionFactory,3,73,0,12,1,16,1,9,1,3
"test (Nov 24, 2014 6:06:21 PM)/security/src",com.lookout.scan,AssertionFilter,0,3,0,0,0,1,0,1,0,1
"test (Nov 24, 2014 6:06:21 PM)/security/src",com.lookout.scan,StreamBuffer,3,24,0,0,1,7,1,4,1,4
"test (Nov 24, 2014 6:06:21 PM)/security/src",com.lookout.scan,AggregateAssertion,32,0,2,0,10,0,6,0,5,0
"test (Nov 24, 2014 6:06:21 PM)/security/src",com.lookout.scan,ScannableStream,37,82,7,3,10,17,8,6,3,6
"test (Nov 24, 2014 6:06:21 PM)/security/src",com.lookout.scan,AssetAssertion,10,114,4,6,5,23,6,9,2,8
"test (Nov 24, 2014 6:06:21 PM)/security/src",com.lookout.scan,BasicPolicyFactory,0,31,0,2,0,7,0,4,0,3
"test (Nov 24, 2014 6:06:21 PM)/security/src",com.lookout.android.sms,SmsResource,12,30,2,2,2,10,4,3,2,3
"test (Nov 24, 2014 6:06:21 PM)/security/src",com.lookout.android.sms,BasicSmsMessage,14,15,0,0,1,6,1,3,1,3
"test (Nov 24, 2014 6:06:21 PM)/security/src",com.lookout.android.sms,ScannableSmsStream,9,90,2,10,2,23,2,10,0,6
"test (Nov 24, 2014 6:06:21 PM)/security/src",com.lookout.security.whitelist,WhitelistHeuristic,17,55,5,5,7,17,5,6,0,6
"test (Nov 24, 2014 6:06:21 PM)/security/src",com.lookout.security.whitelist,WhitelistEntry,21,28,1,7,2,7,2,5,1,2
"test (Nov 24, 2014 6:06:21 PM)/security/src",com.lookout.security.whitelist,WhitelistTable,4,102,0,12,2,21,1,10,1,4
"test (Nov 24, 2014 6:06:21 PM)/security/src",com.lookout.security.threatnet.kb,ThreatClassification,125,239,26,24,27,62,17,26,3,15
"test (Nov 24, 2014 6:06:21 PM)/security/src",com.lookout.security.threatnet.kb,AssessmentType,32,72,9,5,8,19,8,8,3,6
"test (Nov 24, 2014 6:06:21 PM)/security/src",com.lookout.security.threatnet.kb,KBEntry,35,9,4,0,9,4,4,2,2,2
"test (Nov 24, 2014 6:06:21 PM)/security/src",com.lookout.security.threatnet.kb,Assessment.Severity,45,39,8,4,9,12,7,6,3,4
"test (Nov 24, 2014 6:06:21 PM)/security/src",com.lookout.security.threatnet.kb,KnowledgeBase,18,43,0,2,6,11,3,6,3,5
"test (Nov 24, 2014 6:06:21 PM)/security/src",com.lookout.security.threatnet.kb,ResponseKind,26,87,7,3,5,24,6,7,2,6
"test (Nov 24, 2014 6:06:21 PM)/security/src",com.lookout.security.threatnet.kb,Assessment,190,81,12,4,27,33,19,16,13,14
"test (Nov 24, 2014 6:06:21 PM)/security/src",com.lookout.detection,ExactPatternMatcher,1,168,1,21,0,42,1,17,0,7
"test (Nov 24, 2014 6:06:21 PM)/security/src",com.lookout.detection,HashedPattern,14,27,0,0,2,9,2,5,2,5
"test (Nov 24, 2014 6:06:21 PM)/security/src",com.lookout.detection,MultiPatternMatcher,5,321,4,30,2,79,5,25,1,12
"test (Nov 24, 2014 6:06:21 PM)/security/src",com.lookout.detection,PolicyVisitor,4,0,0,0,2,0,2,0,2,0
"test (Nov 24, 2014 6:06:21 PM)/security/src",com.lookout.detection,PolicyNode,11,0,0,0,3,0,2,0,2,0
"test (Nov 24, 2014 6:06:21 PM)/security/src",com.lookout.detection,Rule,14,0,0,0,5,0,5,0,5,0
"test (Nov 24, 2014 6:06:21 PM)/security/src",com.lookout.detection,Action,3,0,0,0,1,0,1,0,1,0
"test (Nov 24, 2014 6:06:21 PM)/security/src",com.lookout.detection,Condition,3,0,0,0,1,0,1,0,1,0
"test (Nov 24, 2014 6:06:21 PM)/security/src",com.lookout.detection,ContentRule,5,0,0,0,2,0,2,0,2,0
"test (Nov 24, 2014 6:06:21 PM)/security/src",com.lookout.detection,ContentPolicy,152,0,8,0,32,0,9,0,5,0
"test (Nov 24, 2014 6:06:21 PM)/security/src",com.lookout.detection,PatternTable.Node,0,17,0,0,0,5,0,1,0,1
"test (Nov 24, 2014 6:06:21 PM)/security/src",com.lookout.detection,PatternTable,196,251,28,20,35,58,17,23,1,15
"test (Nov 24, 2014 6:06:21 PM)/security/src",com.lookout.detection,AssertionDefinition,23,65,5,5,6,18,6,5,1,5
"test (Nov 24, 2014 6:06:21 PM)/security/src",com.lookout.detection,MultiPatternMatcher.new MatchListener() {...},0,59,1,3,0,10,1,3,0,2
"test (Nov 24, 2014 6:06:21 PM)/security/src",com.lookout.android.xml,ResourceTableTypeSpec,12,45,0,2,4,11,4,4,4,3
"test (Nov 24, 2014 6:06:21 PM)/security/src",com.lookout.android.xml,InvalidChunk,0,4,0,0,0,2,0,1,0,1
"test (Nov 24, 2014 6:06:21 PM)/security/src",com.lookout.android.xml,ResourceChunk,0,106,0,6,0,20,0,8,0,5
"test (Nov 24, 2014 6:06:21 PM)/security/src",com.lookout.android.xml,ResourceTablePackage,16,238,5,10,5,57,5,10,0,7
"test (Nov 24, 2014 6:06:21 PM)/security/src",com.lookout.android.xml,ResourceTableType,3,336,0,12,1,85,1,37,1,31
"test (Nov 24, 2014 6:06:21 PM)/security/src",com.lookout.android.xml,StringPool,61,203,5,11,9,32,8,6,3,3
"test (Nov 24, 2014 6:06:21 PM)/security/src",com.lookout.android.xml,Element,29,100,2,4,8,23,8,6,6,5
"test (Nov 24, 2014 6:06:21 PM)/security/src",com.lookout.android.xml,EndElement,17,33,2,2,4,10,4,2,2,2
"test (Nov 24, 2014 6:06:21 PM)/security/src",com.lookout.android.xml,ResourceTable,18,158,4,10,5,39,4,10,1,6
"test (Nov 24, 2014 6:06:21 PM)/security/src",com.lookout.android.xml,Namespace,11,39,2,2,3,11,3,3,1,3
"test (Nov 24, 2014 6:06:21 PM)/security/src",com.lookout.android.xml,Node,13,19,1,1,3,7,3,2,2,2
"test (Nov 24, 2014 6:06:21 PM)/security/src",com.lookout.android.xml,ResourceXmlParser,488,428,74,45,113,108,77,37,29,21
"test (Nov 24, 2014 6:06:21 PM)/security/src",com.lookout.android.xml,ResourceTableEntry,3,93,0,4,1,24,1,7,1,5
"test (Nov 24, 2014 6:06:21 PM)/security/src",com.lookout.android.xml,ResourceAttribute,21,10685,0,0,1,975,2,3,2,3
"test (Nov 24, 2014 6:06:21 PM)/security/src",com.lookout.android.xml,Attribute,9,91,1,7,3,27,3,9,2,6
"test (Nov 24, 2014 6:06:21 PM)/security/src",com.lookout.android.xml,CDataNode,13,43,1,1,5,12,4,3,3,3
"test (Nov 24, 2014 6:06:21 PM)/security/src",com.lookout.android.xml,ResourceValue,29,91,5,12,9,25,8,12,3,4
"test (Nov 24, 2014 6:06:21 PM)/security/src",com.lookout.scan.heuristic,ResourceSignatureHeuristic,11,30,2,2,1,10,2,4,0,4
"test (Nov 24, 2014 6:06:21 PM)/security/src",com.lookout.scan.heuristic,ContainsSequence.MatchState,0,6,0,0,0,1,0,1,0,1
"test (Nov 24, 2014 6:06:21 PM)/security/src",com.lookout.scan.heuristic,BasicKnownFileHeuristic,0,5,0,0,0,2,0,1,0,1
"test (Nov 24, 2014 6:06:21 PM)/security/src",com.lookout.scan.heuristic,ContainsPattern,84,64,6,6,12,21,5,5,0,4
"test (Nov 24, 2014 6:06:21 PM)/security/src",com.lookout.scan.heuristic,SignatureHeuristic,4,51,2,6,1,14,3,4,1,2
"test (Nov 24, 2014 6:06:21 PM)/security/src",com.lookout.scan.heuristic,ContainsSequence,65,176,7,19,8,38,6,11,0,4
"test (Nov 24, 2014 6:06:21 PM)/security/src",com.lookout.android.dex.scan.heuristic,ClassDefined,0,123,0,14,0,41,0,14,0,7
"test (Nov 24, 2014 6:06:21 PM)/security/src",com.lookout.android.dex.scan.heuristic,ClassDefinitionCache,33,0,0,0,9,0,6,0,6,0
"test (Nov 24, 2014 6:06:21 PM)/security/src",com.lookout.android.dex.scan.heuristic,StringMatches,0,46,0,4,0,11,0,4,0,2
"test (Nov 24, 2014 6:06:21 PM)/security/src",com.lookout.android.dex.scan.heuristic,StringPresent,0,101,0,12,0,27,0,9,0,3
"test (Nov 24, 2014 6:06:21 PM)/security/src",com.lookout.android.dex.scan.heuristic,DexHeuristic,0,35,0,2,0,8,0,3,0,2
"test (Nov 24, 2014 6:06:21 PM)/security/src",com.lookout.android.dex.file,Header,216,197,2,6,28,43,4,35,2,33
"test (Nov 24, 2014 6:06:21 PM)/security/src",com.lookout.android.dex.file,PrototypeSection,11,34,2,2,1,5,2,3,0,3
"test (Nov 24, 2014 6:06:21 PM)/security/src",com.lookout.android.dex.file,TypeDescriptor,161,204,21,33,31,45,19,30,6,11
"test (Nov 24, 2014 6:06:21 PM)/security/src",com.lookout.android.dex.file,MethodSection,60,34,8,2,12,6,6,3,1,3
"test (Nov 24, 2014 6:06:21 PM)/security/src",com.lookout.android.dex.file,ClassDefinitionItem,110,295,6,26,15,59,10,20,5,9
"test (Nov 24, 2014 6:06:21 PM)/security/src",com.lookout.android.dex.file,CodeItem,225,46,11,1,34,11,15,7,9,7
"test (Nov 24, 2014 6:06:21 PM)/security/src",com.lookout.android.dex.file,MethodItem,29,140,2,4,5,30,3,11,1,10
"test (Nov 24, 2014 6:06:21 PM)/security/src",com.lookout.android.dex.file,EncodedField,34,47,0,2,10,11,5,5,5,4
"test (Nov 24, 2014 6:06:21 PM)/security/src",com.lookout.android.dex.file,ClassDataNavigator,269,0,8,0,53,0,20,0,16,0
"test (Nov 24, 2014 6:06:21 PM)/security/src",com.lookout.android.dex.file,EncodedMethod,46,93,0,4,14,19,7,7,7,5
"test (Nov 24, 2014 6:06:21 PM)/security/src",com.lookout.android.dex.file,ClassDefinitionSection,47,142,4,4,9,26,5,8,3,6
"test (Nov 24, 2014 6:06:21 PM)/security/src",com.lookout.android.dex.file,TypeCode,105,263,25,11,26,22,15,9,2,4
"test (Nov 24, 2014 6:06:21 PM)/security/src",com.lookout.android.dex.file,DexItem,0,20,0,0,0,9,0,4,0,4
"test (Nov 24, 2014 6:06:21 PM)/security/src",com.lookout.android.dex.file,IllegalTypeException,13,6,0,0,2,3,2,1,2,1
"test (Nov 24, 2014 6:06:21 PM)/security/src",com.lookout.android.dex.file,TypeList,0,37,0,0,0,6,0,4,0,4
"test (Nov 24, 2014 6:06:21 PM)/security/src",com.lookout.android.dex.file,StringSection,36,90,6,8,4,16,7,6,1,5
"test (Nov 24, 2014 6:06:21 PM)/security/src",com.lookout.android.dex.file,TypeSection,22,93,3,5,2,20,4,6,1,5
"test (Nov 24, 2014 6:06:21 PM)/security/src",com.lookout.android.dex.file,MapItem,34,22,0,0,5,4,2,3,2,3
"test (Nov 24, 2014 6:06:21 PM)/security/src",com.lookout.android.dex.file,ClassDataItem,38,199,0,8,10,42,6,12,6,8
"test (Nov 24, 2014 6:06:21 PM)/security/src",com.lookout.android.dex.file,PrototypeItem,0,151,0,8,0,32,0,11,0,7
"test (Nov 24, 2014 6:06:21 PM)/security/src",com.lookout.android.dex.file,DataSection,36,7,4,0,8,2,6,1,4,1
"test (Nov 24, 2014 6:06:21 PM)/security/src",com.lookout.android.dex.file,MapList,36,74,5,5,8,18,6,7,2,6
"test (Nov 24, 2014 6:06:21 PM)/security/src",com.lookout.android.dex.file,FieldSection,11,34,2,2,1,5,2,3,0,3
"test (Nov 24, 2014 6:06:21 PM)/security/src",com.lookout.android.dex.file,Section,0,5,0,0,0,2,0,1,0,1
"test (Nov 24, 2014 6:06:21 PM)/security/src",com.lookout.android.dex.file,StringDataItem,12,83,3,5,5,22,3,6,0,5
"test (Nov 24, 2014 6:06:21 PM)/security/src",com.lookout.android.dex.file,FieldItem,19,68,0,0,2,14,1,6,1,6
"test (Nov 24, 2014 6:06:21 PM)/security/src",com.lookout.android.dex.file,Type,28,201,10,24,10,29,11,17,1,5
"test (Nov 24, 2014 6:06:21 PM)/security/src",com.lookout.android.dex.file,DexFile,171,304,2,8,57,86,23,29,21,26
"test (Nov 24, 2014 6:06:21 PM)/security/src",com.lookout.definition,KnownFileDefinition.HashType,40,0,0,0,3,0,4,0,4,0
"test (Nov 24, 2014 6:06:21 PM)/security/src",com.lookout.definition,KnownFileDefinition,31,0,0,0,13,0,6,0,6,0
"test (Nov 24, 2014 6:06:21 PM)/security/src",com.lookout.definition,DefinitionFileV1,163,0,2,0,38,0,5,0,4,0
"test (Nov 24, 2014 6:06:21 PM)/security/src",com.lookout.definition,DefinitionLoader,15,0,0,0,5,0,2,0,2,0
"test (Nov 24, 2014 6:06:21 PM)/security/src",com.lookout.definition,HeaderV1,107,0,0,0,22,0,4,0,4,0
"test (Nov 24, 2014 6:06:21 PM)/security/src",com.lookout.scan.heuristic.chl,ChlString,0,3,0,0,0,1,0,1,0,1
"test (Nov 24, 2014 6:06:21 PM)/security/src",com.lookout.scan.heuristic.chl,MatchResults,108,101,14,12,21,19,9,13,2,7
"test (Nov 24, 2014 6:06:21 PM)/security/src",com.lookout.scan.heuristic.chl,ChlExpression.ExpressionOperation,5,285,0,0,0,54,1,3,1,3
"test (Nov 24, 2014 6:06:21 PM)/security/src",com.lookout.scan.heuristic.chl,ChlExpression.ChlBooleanExpression,236,202,25,32,19,24,23,24,0,3
"test (Nov 24, 2014 6:06:21 PM)/security/src",com.lookout.scan.heuristic.chl,ChlException,2,24,1,2,1,5,1,3,0,2
"test (Nov 24, 2014 6:06:21 PM)/security/src",com.lookout.scan.heuristic.chl,ChlExpression.ChlLongExpression,285,165,28,16,28,21,28,17,0,3
"test (Nov 24, 2014 6:06:21 PM)/security/src",com.lookout.scan.heuristic.chl,ChlString.ChlStringBinary,64,18,4,0,9,5,4,3,2,3
"test (Nov 24, 2014 6:06:21 PM)/security/src",com.lookout.scan.heuristic.chl,ChlRule,65,79,3,3,12,15,4,9,2,8
"test (Nov 24, 2014 6:06:21 PM)/security/src",com.lookout.scan.heuristic.chl,ChlExpression.BooleanExpOperation,5,205,0,0,0,38,1,3,1,3
"test (Nov 24, 2014 6:06:21 PM)/security/src",com.lookout.scan.heuristic.chl,ChlString.ChlStringText,56,133,5,21,4,30,6,11,1,3
"test (Nov 24, 2014 6:06:21 PM)/security/src",com.lookout.scan.heuristic.chl,ChlTokenizer,6,241,2,38,2,55,3,23,1,5
"test (Nov 24, 2014 6:06:21 PM)/security/src",com.lookout.scan.heuristic.chl,ChlParser,304,1282,67,195,80,346,61,103,1,32
"test (Nov 24, 2014 6:06:21 PM)/security/src",com.lookout.scan.heuristic.chl,ChlParser.Context,20,227,2,22,2,54,2,21,0,11
"test (Nov 24, 2014 6:06:21 PM)/security/src",com.lookout.scan.heuristic.chl,MatchResults.SearchMatch,0,12,0,0,0,4,0,1,0,1
"test (Nov 24, 2014 6:06:21 PM)/security/src",com.lookout.scan.heuristic.chl,ChlString.StringSet,3,105,0,12,1,27,1,13,1,7
"test (Nov 24, 2014 6:06:21 PM)/security/src",com.lookout.scan.heuristic.chl,ChlExpression,0,3,0,0,0,1,0,1,0,1
"test (Nov 24, 2014 6:06:21 PM)/security/src",com.lookout.android.apk.file,ApkLoader,27,0,0,0,7,0,2,0,2,0
"test (Nov 24, 2014 6:06:21 PM)/security/src",com.lookout.android.apk.file,ApkFile,258,454,17,33,52,123,18,34,5,22
"test (Nov 24, 2014 6:06:21 PM)/security/src",com.lookout.android.apk.file,SignatureIntegrityValidationHeuristic,3,127,3,9,1,36,4,7,1,4
"test (Nov 24, 2014 6:06:21 PM)/security/src",com.lookout.android.apk.file,ApkException,18,0,0,0,4,0,2,0,2,0
"test (Nov 24, 2014 6:06:21 PM)/security/src",com.lookout.android.apk.file,PackageSignerEquivalenceHeuristic,6,70,1,7,2,18,1,5,0,2
"test (Nov 24, 2014 6:06:21 PM)/security/src",com.lookout.android.apk.file,BasicSignatures.SignatureData,0,20,0,0,0,7,0,5,0,5
"test (Nov 24, 2014 6:06:21 PM)/security/src",com.lookout.android.apk.file,Signatures,40,334,3,25,6,79,3,21,0,10
"test (Nov 24, 2014 6:06:21 PM)/security/src",com.lookout.android.apk.file,BasicSignatures,0,140,0,12,0,34,0,13,0,7
"test (Nov 24, 2014 6:06:21 PM)/security/src",com.lookout.android.apk.file,LongLabelHeuristic,17,153,2,16,6,40,2,13,0,6
"test (Nov 24, 2014 6:06:21 PM)/security/src",com.lookout.scan.filesystem,FileSystemScanner,23,130,3,15,4,33,3,11,0,5
"test (Nov 24, 2014 6:06:21 PM)/security/src",com.lookout.scan.filesystem,FileContentPolicy.AssessmentListener,0,25,1,1,0,5,1,2,0,2
"test (Nov 24, 2014 6:06:21 PM)/security/src",com.lookout.scan.filesystem,Crawler,9,143,8,18,4,31,9,12,1,7
"test (Nov 24, 2014 6:06:21 PM)/security/src",com.lookout.scan.filesystem,FileContentPolicy,28,97,5,5,4,32,4,7,0,6
"test (Nov 24, 2014 6:06:21 PM)/security/src",com.lookout.scan.filesystem,ContainerScanner,69,454,6,30,13,97,7,29,2,16
"test (Nov 24, 2014 6:06:21 PM)/security/src",com.lookout.scan.filesystem,FileSystemScanner.new FileSystemVisitor() {...},11,71,0,0,1,14,0,3,0,3
"test (Nov 24, 2014 6:06:21 PM)/security/src",com.lookout.scan.filesystem,VisitationTracker,4,25,0,0,1,7,1,4,1,4
"test (Nov 24, 2014 6:06:21 PM)/security/test",com.lookout.security.threatnet,ApkScannerTests.MockLongLabelHeuristic,9,0,0,0,4,0,2,0,2,0
"test (Nov 24, 2014 6:06:21 PM)/security/test",com.lookout.security.threatnet,ApkScannerTests.MockedFactory,55,6,2,0,9,1,2,1,1,1
"test (Nov 24, 2014 6:06:21 PM)/security/test",com.lookout.security.threatnet,ApkScannerTests.MockBasicKnownFileHeuristic,11,0,0,0,5,0,3,0,3,0
"test (Nov 24, 2014 6:06:21 PM)/security/test",com.lookout.security.threatnet,ResponseKindTests,0,35,0,0,0,10,0,3,0,3
"test (Nov 24, 2014 6:06:21 PM)/security/test",com.lookout.security.threatnet,ApkScannerTests.MockKnownPackageHeuristic,11,0,0,0,5,0,3,0,3,0
"test (Nov 24, 2014 6:06:21 PM)/security/test",com.lookout.security.threatnet,ApkScannerTests,6,209,0,0,2,35,0,3,0,3
"test (Nov 24, 2014 6:06:21 PM)/security/test",com.lookout.security.threatnet,ApkScannerTests.MockSignatureHeuristic,9,0,0,0,4,0,2,0,2,0
"test (Nov 24, 2014 6:06:21 PM)/security/test",com.lookout.android.dex.vm,TestI22cs,0,68,0,0,0,17,0,4,0,4
"test (Nov 24, 2014 6:06:21 PM)/security/test",com.lookout.android.dex.vm,TestI21t,0,60,0,0,0,15,0,4,0,4
"test (Nov 24, 2014 6:06:21 PM)/security/test",com.lookout.android.dex.vm,TestI22s,0,68,0,0,0,17,0,4,0,4
"test (Nov 24, 2014 6:06:21 PM)/security/test",com.lookout.android.dex.vm,TestI21h,0,60,0,0,0,15,0,4,0,4
"test (Nov 24, 2014 6:06:21 PM)/security/test",com.lookout.android.dex.vm,TestI51l,0,60,0,0,0,15,0,4,0,4
"test (Nov 24, 2014 6:06:21 PM)/security/test",com.lookout.android.dex.vm,TestI20t,0,52,0,0,0,13,0,4,0,4
"test (Nov 24, 2014 6:06:21 PM)/security/test",com.lookout.android.dex.vm,TestI10t,0,52,0,0,0,13,0,4,0,4
"test (Nov 24, 2014 6:06:21 PM)/security/test",com.lookout.android.dex.vm,TestI21c,0,60,0,0,0,15,0,4,0,4
"test (Nov 24, 2014 6:06:21 PM)/security/test",com.lookout.android.dex.vm,TestI3rc,0,68,0,0,0,17,0,4,0,4
"test (Nov 24, 2014 6:06:21 PM)/security/test",com.lookout.android.dex.vm,TestI22b,0,68,0,0,0,17,0,4,0,4
"test (Nov 24, 2014 6:06:21 PM)/security/test",com.lookout.android.dex.vm,TestI21s,0,60,0,0,0,15,0,4,0,4
"test (Nov 24, 2014 6:06:21 PM)/security/test",com.lookout.android.dex.vm,TestInstruction,0,41,0,0,0,9,0,3,0,3
"test (Nov 24, 2014 6:06:21 PM)/security/test",com.lookout.android.dex.vm,TestI00x,0,24,0,0,0,6,0,3,0,3
"test (Nov 24, 2014 6:06:21 PM)/security/test",com.lookout.android.dex.vm,TestI11n,0,60,0,0,0,15,0,4,0,4
"test (Nov 24, 2014 6:06:21 PM)/security/test",com.lookout.android.dex.vm,TestI32x,0,60,0,0,0,15,0,4,0,4
"test (Nov 24, 2014 6:06:21 PM)/security/test",com.lookout.android.dex.vm,TestI22c,0,68,0,0,0,17,0,4,0,4
"test (Nov 24, 2014 6:06:21 PM)/security/test",com.lookout.android.dex.vm,InstructionFormatCase,0,22,0,0,0,6,0,2,0,2
"test (Nov 24, 2014 6:06:21 PM)/security/test",com.lookout.android.dex.vm,TestI22x,0,52,0,0,0,13,0,4,0,4
"test (Nov 24, 2014 6:06:21 PM)/security/test",com.lookout.android.dex.vm,TestI23x,0,68,0,0,0,17,0,4,0,4
"test (Nov 24, 2014 6:06:21 PM)/security/test",com.lookout.android.dex.vm,TestI35mi,0,100,0,0,0,25,0,4,0,4
"test (Nov 24, 2014 6:06:21 PM)/security/test",com.lookout.android.dex.vm,TestI3rmi,0,68,0,0,0,17,0,4,0,4
"test (Nov 24, 2014 6:06:21 PM)/security/test",com.lookout.android.dex.vm,TestI10x,0,144,0,0,0,36,0,9,0,9
"test (Nov 24, 2014 6:06:21 PM)/security/test",com.lookout.android.dex.vm,TestI31c,0,60,0,0,0,15,0,4,0,4
"test (Nov 24, 2014 6:06:21 PM)/security/test",com.lookout.android.dex.vm,TestI11x,0,52,0,0,0,13,0,4,0,4
"test (Nov 24, 2014 6:06:21 PM)/security/test",com.lookout.android.dex.vm,TestI22t,0,68,0,0,0,17,0,4,0,4
"test (Nov 24, 2014 6:06:21 PM)/security/test",com.lookout.android.dex.vm,TestI35ms,0,100,0,0,0,25,0,4,0,4
"test (Nov 24, 2014 6:06:21 PM)/security/test",com.lookout.android.dex.vm,TestI3rms,0,68,0,0,0,17,0,4,0,4
"test (Nov 24, 2014 6:06:21 PM)/security/test",com.lookout.android.dex.vm,TestI12x,0,60,0,0,0,15,0,4,0,4
"test (Nov 24, 2014 6:06:21 PM)/security/test",com.lookout.android.dex.vm,TestI35c,0,100,0,0,0,25,0,4,0,4
"test (Nov 24, 2014 6:06:21 PM)/security/test",com.lookout.android.dex.vm,TestInstruction.MockInstruction,2,8,0,0,1,3,1,1,1,1
"test (Nov 24, 2014 6:06:21 PM)/security/test",com.lookout.android.dex.vm,TestI30t,0,52,0,0,0,13,0,4,0,4
"test (Nov 24, 2014 6:06:21 PM)/security/test",com.lookout.android.dex.vm,TestI20bc,25,35,0,0,6,9,1,3,1,3
"test (Nov 24, 2014 6:06:21 PM)/security/test",com.lookout.android.dex.vm,TestI31t,0,60,0,0,0,15,0,4,0,4
"test (Nov 24, 2014 6:06:21 PM)/security/test",com.lookout.android.dex.vm,TestI31i,0,60,0,0,0,15,0,4,0,4
"test (Nov 24, 2014 6:06:21 PM)/security/test",com.lookout.scan.heuristic.chl.desktop,ChlDesktopUtility,617,0,26,0,120,0,25,0,12,0
"test (Nov 24, 2014 6:06:21 PM)/security/test",com.lookout.scan.heuristic.chl.desktop,ChlDesktopUtility.new Thread() {...},31,0,6,0,9,0,5,0,2,0
"test (Nov 24, 2014 6:06:21 PM)/security/test",com.lookout.android.apk.test,ApkScannerAssertTests.MockPolicy,0,8,0,0,0,4,0,2,0,2
"test (Nov 24, 2014 6:06:21 PM)/security/test",com.lookout.android.apk.test,ApkScannerAssertTests,0,354,1,7,0,64,1,7,0,4
"test (Nov 24, 2014 6:06:21 PM)/security/test",com.lookout.scan.filesystem.test,FileContentPolicyTest.TestAssertionListener,0,13,0,0,0,4,0,3,0,3
"test (Nov 24, 2014 6:06:21 PM)/security/test",com.lookout.scan.filesystem.test,FileContentPolicyTest,55,131,6,0,10,27,5,4,2,4
"test (Nov 24, 2014 6:06:21 PM)/security/test",com.lookout.scan.filesystem.test,ContainerScannerTest.OnlyScanDexContainerScanner,0,8,0,0,0,3,0,2,0,2
"test (Nov 24, 2014 6:06:21 PM)/security/test",com.lookout.scan.filesystem.test,ContainerScannerTest.SomePolicy,0,37,0,2,0,7,0,4,0,3
"test (Nov 24, 2014 6:06:21 PM)/security/test",com.lookout.scan.filesystem.test,FileSystemScannerTest,181,147,4,0,29,27,6,4,4,4
"test (Nov 24, 2014 6:06:21 PM)/security/test",com.lookout.scan.filesystem.test,FileSystemScannerTest.new FileFilter() {...},13,0,2,0,3,0,3,0,2,0
"test (Nov 24, 2014 6:06:21 PM)/security/test",com.lookout.scan.filesystem.test,ContainerScannerTest,13,780,2,10,4,165,2,25,0,21
"test (Nov 24, 2014 6:06:21 PM)/security/test",com.lookout.scan.filesystem.test,ContainerScannerTest.ApkScannerNotScanningAnyFileTye,0,6,0,0,0,3,0,2,0,2
"test (Nov 24, 2014 6:06:21 PM)/security/test",com.lookout.android.dex.test,TestDexFile,0,242,0,0,0,53,0,6,0,6
"test (Nov 24, 2014 6:06:21 PM)/security/test",com.lookout.utils.test,IOUtilsTests.BadInputStream,9,44,0,2,3,11,1,5,1,4
"test (Nov 24, 2014 6:06:21 PM)/security/test",com.lookout.utils.test,BytesTests,0,50,0,0,0,10,0,4,0,4
"test (Nov 24, 2014 6:06:21 PM)/security/test",com.lookout.utils.test,CyclicPolynomialHashTest,2,290,1,11,0,66,1,16,0,11
"test (Nov 24, 2014 6:06:21 PM)/security/test",com.lookout.utils.test,ReusableBufferedInputStreamPoolTests,0,82,0,0,0,15,0,4,0,4
"test (Nov 24, 2014 6:06:21 PM)/security/test",com.lookout.utils.test,KuhnMunkresSolverTests,0,810,0,8,0,92,0,18,0,14
"test (Nov 24, 2014 6:06:21 PM)/security/test",com.lookout.utils.test,TestShannonEntropyInputStream,30,142,0,2,6,49,0,5,0,4
"test (Nov 24, 2014 6:06:21 PM)/security/test",com.lookout.utils.test,BoyerMooreMatcherTests,0,575,0,8,0,119,0,18,0,14
"test (Nov 24, 2014 6:06:21 PM)/security/test",com.lookout.utils.test,PatternTableTests.new Thread() {...},6,40,0,0,1,8,0,2,0,2
"test (Nov 24, 2014 6:06:21 PM)/security/test",com.lookout.utils.test,GreedyWeightedMatchSolverTests,0,812,0,8,0,97,0,18,0,14
"test (Nov 24, 2014 6:06:21 PM)/security/test",com.lookout.utils.test,Sha1UtilsTests,0,19,0,0,0,8,0,2,0,2
"test (Nov 24, 2014 6:06:21 PM)/security/test",com.lookout.utils.test,PatternTableTests,0,367,0,4,0,76,0,17,0,15
"test (Nov 24, 2014 6:06:21 PM)/security/test",com.lookout.utils.test,MultiPatternMatcherTests.TestHashedPattern,0,8,0,0,0,3,0,1,0,1
"test (Nov 24, 2014 6:06:21 PM)/security/test",com.lookout.utils.test,ScoreMatrixTests,0,150,0,0,0,17,0,8,0,8
"test (Nov 24, 2014 6:06:21 PM)/security/test",com.lookout.utils.test,ExactPatternMatcherTests.TestHashedPattern,0,8,0,0,0,3,0,1,0,1
"test (Nov 24, 2014 6:06:21 PM)/security/test",com.lookout.utils.test,IOUtilsTests,14,51,0,0,2,13,0,4,0,4
"test (Nov 24, 2014 6:06:21 PM)/security/test",com.lookout.utils.test,X509SubjectSelectorTest,0,125,0,0,0,34,0,7,0,7
"test (Nov 24, 2014 6:06:21 PM)/security/test",com.lookout.utils.test,ArchiveUtilsTests,0,176,0,8,0,34,0,12,0,8
"test (Nov 24, 2014 6:06:21 PM)/security/test",com.lookout.utils.test,BiggerBufferedInputStreamTests,0,220,0,10,0,49,0,13,0,8
"test (Nov 24, 2014 6:06:21 PM)/security/test",com.lookout.utils.test,TestShannonEntropy,7,203,7,11,0,52,7,8,0,6
"test (Nov 24, 2014 6:06:21 PM)/security/test",com.lookout.utils.test,ExactPatternMatcherTests,0,373,0,2,0,71,0,11,0,10
"test (Nov 24, 2014 6:06:21 PM)/security/test",com.lookout.utils.test,HexTests,0,111,0,0,0,15,0,7,0,7
"test (Nov 24, 2014 6:06:21 PM)/security/test",com.lookout.utils.test,BiggerBufferedInputStreamTests.TestingBiggerBufferedInputStream,0,16,0,0,0,5,0,3,0,3
"test (Nov 24, 2014 6:06:21 PM)/security/test",com.lookout.utils.test,ReusableBufferedInputStreamTests,0,170,2,12,0,35,2,12,0,7
"test (Nov 24, 2014 6:06:21 PM)/security/test",com.lookout.utils.test,MultiPatternMatcherTests,0,1367,0,14,0,253,0,29,0,22
"test (Nov 24, 2014 6:06:21 PM)/security/test",com.lookout.android.dex.analysis.test,TestBroadcastReceivers,151,61,16,0,22,11,11,2,3,2
"test (Nov 24, 2014 6:06:21 PM)/security/test",com.lookout.android.dex.analysis.test,TestAbnormalStringSortHeuristic,0,88,0,0,0,20,0,7,0,7
"test (Nov 24, 2014 6:06:21 PM)/security/test",com.lookout.android.dex.analysis.test,TestNonContiguousSectionHeuristic,0,378,0,2,0,67,0,11,0,10
"test (Nov 24, 2014 6:06:21 PM)/security/test",com.lookout.android.dex.analysis.test,TestAbnormalClassInterfacesHeuristic,0,92,0,0,0,22,0,8,0,8
"test (Nov 24, 2014 6:06:21 PM)/security/test",com.lookout.android.dex.analysis.test,TestClassIndex,0,284,0,0,0,44,0,4,0,4
"test (Nov 24, 2014 6:06:21 PM)/security/test",com.lookout.android.dex.analysis.test,TestNGramIndex,0,168,1,7,0,29,1,11,0,8
"test (Nov 24, 2014 6:06:21 PM)/security/test",com.lookout.android.dex.analysis.test,TestNGramSet,0,418,0,16,0,52,0,17,0,9
"test (Nov 24, 2014 6:06:21 PM)/security/test",com.lookout.android.dex.analysis.test,TestAbnormalClassPathHeuristic,0,93,0,0,0,22,0,8,0,8
"test (Nov 24, 2014 6:06:21 PM)/security/test",com.lookout.android.dex.analysis.test,TestClassIndexAnalysis,0,277,0,0,0,60,0,14,0,14
"test (Nov 24, 2014 6:06:21 PM)/security/test",com.lookout.android.dex.analysis.test,TestCodeIndex,0,142,0,0,0,28,0,5,0,5
"test (Nov 24, 2014 6:06:21 PM)/security/test",com.lookout.android.dex.analysis.test,TestAbnormalLinkSectionHeuristic,0,89,0,0,0,20,0,7,0,7
"test (Nov 24, 2014 6:06:21 PM)/security/test",com.lookout.android.dex.analysis.test,TestCodeIndexAnalysis,0,785,0,0,0,126,0,18,0,18
"test (Nov 24, 2014 6:06:21 PM)/security/test",com.lookout.android.dex.analysis.test,TestCharacteristicPolicy,0,74,0,4,0,15,0,6,0,4
"test (Nov 24, 2014 6:06:21 PM)/security/test",com.lookout.android.dex.analysis.test,TestEnterClinit,88,3,4,0,17,1,4,1,2,1
"test (Nov 24, 2014 6:06:21 PM)/security/test",com.lookout.android.dex.analysis.test,TestStrongTypablePackages,0,27,0,0,0,10,0,5,0,5
"test (Nov 24, 2014 6:06:21 PM)/security/test",com.lookout.android.dex.analysis.test,TestAbnormalTypeHeuristic,0,82,0,0,0,18,0,6,0,6
"test (Nov 24, 2014 6:06:21 PM)/security/test",com.lookout.android.dex.analysis.test,TestCapabilities,150,3,8,0,29,1,7,1,3,1
"test (Nov 24, 2014 6:06:21 PM)/security/test",com.lookout.android.dex.analysis.test,TestCodeIndexLoader,0,21,0,0,0,7,0,3,0,3
"test (Nov 24, 2014 6:06:21 PM)/security/test",com.lookout.android.dex.analysis.test,TestMethodImprint,0,227,0,0,0,60,0,11,0,11
"test (Nov 24, 2014 6:06:21 PM)/security/test",com.lookout.android.dex.analysis.test,TestNGramTable,0,145,0,0,0,24,0,4,0,4
"test (Nov 24, 2014 6:06:21 PM)/security/test",com.lookout.android.dex.analysis.test,TestNGram,2,204,1,1,0,23,1,9,0,9
"test (Nov 24, 2014 6:06:21 PM)/security/test",com.lookout.android.dex.analysis.test,TestAbnormalEndianMagicHeuristic,0,84,0,0,0,18,0,6,0,6
"test (Nov 24, 2014 6:06:21 PM)/security/test",com.lookout.android.dex.analysis.test,TestBroadcastReceivers.IsShallowHasCapabilityMatch,15,0,0,0,4,0,2,0,2,0
"test (Nov 24, 2014 6:06:21 PM)/security/test",com.lookout.android.dex.analysis.test,TestAbnormalHeaderSizeHeuristic,0,84,0,0,0,18,0,6,0,6
"test (Nov 24, 2014 6:06:21 PM)/security/test",com.lookout.android.dex.analysis.test,TestCodeIndexSaver,6,39,0,0,1,11,0,3,0,3
"test (Nov 24, 2014 6:06:21 PM)/security/test",com.lookout.android.dex.analysis.test,TestEntrypointResolver,6,49,0,2,1,15,0,6,0,5
"test (Nov 24, 2014 6:06:21 PM)/security/test",com.lookout.file,TestFileMatcher,0,103,0,0,0,27,0,8,0,8
"test (Nov 24, 2014 6:06:21 PM)/security/test",com.lookout.android.sms,ScannableSmsStreamTest,0,172,1,5,0,47,1,10,0,8
"test (Nov 24, 2014 6:06:21 PM)/security/test",com.lookout.android.sms,SmsResourceTest,0,26,0,0,0,7,0,3,0,3
"test (Nov 24, 2014 6:06:21 PM)/security/test",com.lookout.android.sms,BasicSmsMessageTests,0,22,0,0,0,7,0,2,0,2
"test (Nov 24, 2014 6:06:21 PM)/security/test",com.lookout.security.threatnet.kb,AssessmentTest,0,45,0,0,0,12,0,3,0,3
"test (Nov 24, 2014 6:06:21 PM)/security/test",com.lookout.security.threatnet.kb,ThreatClassificationTest,45,380,12,4,5,109,8,15,0,15
"test (Nov 24, 2014 6:06:21 PM)/security/test",com.lookout.security.utils,StringUtilsTests,1,149,1,9,0,22,1,7,0,3
"test (Nov 24, 2014 6:06:21 PM)/security/test",com.lookout.security.crypto,PasswordUtilsTests,0,98,0,0,0,23,0,3,0,3
"test (Nov 24, 2014 6:06:21 PM)/security/test",com.lookout.security.crypto,NotaryTests,100,34,3,1,22,10,7,3,5,3
"test (Nov 24, 2014 6:06:21 PM)/security/test",com.lookout.security.crypto,PasswordEncrypterTests,12,723,0,4,4,46,0,8,0,6
"test (Nov 24, 2014 6:06:21 PM)/security/test",com.lookout.security.crypto,CryptoProviderTests.MockCryptoProvider,97,9,0,0,25,4,3,1,3,1
"test (Nov 24, 2014 6:06:21 PM)/security/test",com.lookout.security.crypto,SimpleCryptoTests,0,4872,0,2,0,193,0,5,0,4
"test (Nov 24, 2014 6:06:21 PM)/security/test",com.lookout.security.crypto,CryptoServiceTests,8,3,0,0,4,1,1,1,1,1
"test (Nov 24, 2014 6:06:21 PM)/security/test",com.lookout.security.crypto,KeyToolTests,108,215,0,0,21,46,1,9,1,9
"test (Nov 24, 2014 6:06:21 PM)/security/test",com.lookout.security.crypto,CryptoProviderTests,90,272,1,5,23,81,3,16,2,14
"test (Nov 24, 2014 6:06:21 PM)/security/test",com.lookout.security.crypto,KeyToolTests.ExitException,0,7,0,0,0,3,0,1,0,1
"test (Nov 24, 2014 6:06:21 PM)/security/test",com.lookout.security.crypto,KeyToolTests.NoExitSecurityManager,1,12,0,0,1,4,1,3,1,3
"test (Nov 24, 2014 6:06:21 PM)/security/test",com.lookout.android.apk.manifest.test,ManifestParserTest.TestFullBinaryManifest,0,730,0,0,0,175,0,4,0,4
"test (Nov 24, 2014 6:06:21 PM)/security/test",com.lookout.android.apk.manifest.test,ManifestParserTest.TestNoAttributeNamesBinaryManifest,0,120,0,0,0,28,0,3,0,3
"test (Nov 24, 2014 6:06:21 PM)/security/test",com.lookout.android.apk.manifest.test,ManifestParserTest,3,0,0,0,1,0,1,0,1,0
"test (Nov 24, 2014 6:06:21 PM)/security/test",com.lookout.android.apk.manifest.test,ManifestParserTest.TestBinaryManifestWithMultipleManifestElements,0,38,0,0,0,11,0,5,0,5
"test (Nov 24, 2014 6:06:21 PM)/security/test",com.lookout.android.apk.manifest.test,ManifestParserTest.TestLookoutBinaryManifest,0,36,0,0,0,8,0,2,0,2
"test (Nov 24, 2014 6:06:21 PM)/security/test",com.lookout.scan.file.zip.test,TestRandomAccessZip,70,572,8,36,12,132,7,39,0,24
"test (Nov 24, 2014 6:06:21 PM)/security/test",com.lookout.scan.file.zip.test,EndOfCentralDirectoryTests.UnitTests,0,104,0,0,0,25,0,11,0,11
"test (Nov 24, 2014 6:06:21 PM)/security/test",com.lookout.scan.file.zip.test,ZipValidationHeuristicTest,0,155,0,0,0,42,0,14,0,14
"test (Nov 24, 2014 6:06:21 PM)/security/test",com.lookout.scan.file.zip.test,EndOfCentralDirectoryTests,3,0,0,0,1,0,1,0,1,0
"test (Nov 24, 2014 6:06:21 PM)/security/test",com.lookout.scan.file.zip.test,EndOfCentralDirectoryTests.FunctionalTests,0,80,0,0,0,24,0,12,0,12
"test (Nov 24, 2014 6:06:21 PM)/security/test",com.lookout.android.xml,TestResourceXmlParser.TestResourceTableWithNullPads,0,38,0,0,0,11,0,4,0,4
"test (Nov 24, 2014 6:06:21 PM)/security/test",com.lookout.android.xml,TestResourceXmlParser.TestLookoutResourceTable,0,102,0,0,0,18,0,2,0,2
"test (Nov 24, 2014 6:06:21 PM)/security/test",com.lookout.android.xml,TestResourceXmlParser.TestBinaryManifest,0,200,0,12,0,28,0,11,0,5
"test (Nov 24, 2014 6:06:21 PM)/security/test",com.lookout.android.xml,TestResourceTableType.TableTypeWith28BytesOfConfiguration,0,117,0,0,0,26,0,3,0,3
"test (Nov 24, 2014 6:06:21 PM)/security/test",com.lookout.android.xml,TestResourceXmlParser.TestNonManifestBinary,4,130,0,14,1,31,0,10,0,2
"test (Nov 24, 2014 6:06:21 PM)/security/test",com.lookout.android.xml,TestResourceTableType.TableTypeWith36BytesOfConfiguration,0,24,0,0,0,8,0,3,0,3
"test (Nov 24, 2014 6:06:21 PM)/security/test",com.lookout.android.xml,TestResourceTableType.TableTypeWith38BytesOfConfiguration,0,19,0,0,0,7,0,3,0,3
"test (Nov 24, 2014 6:06:21 PM)/security/test",com.lookout.android.xml,TestResourceXmlParser.TestNullChunk,0,16,0,0,0,5,0,3,0,3
"test (Nov 24, 2014 6:06:21 PM)/security/test",com.lookout.android.xml,TestResourceTableType.TableTypeWith32BytesOfConfiguration,0,29,0,0,0,9,0,3,0,3
"test (Nov 24, 2014 6:06:21 PM)/security/test",com.lookout.android.xml,TestResourceChunk,28,135,0,0,8,24,0,8,0,8
"test (Nov 24, 2014 6:06:21 PM)/security/test",com.lookout.android.xml,TestResourceTableType,8,308,0,4,2,57,1,5,1,3
"test (Nov 24, 2014 6:06:21 PM)/security/test",com.lookout.android.xml,TestResourceXmlParser,3,26,0,0,1,6,1,4,1,4
"test (Nov 24, 2014 6:06:21 PM)/security/test",com.lookout.android.xml,TestResourceXmlParser.TestCDataManifest,0,41,1,5,0,13,1,4,0,2
"test (Nov 24, 2014 6:06:21 PM)/security/test",com.lookout.android.dex.scan.heuristic,DexHeuristicTest.new DexHeuristic() {...},3,6,0,0,2,2,1,1,1,1
"test (Nov 24, 2014 6:06:21 PM)/security/test",com.lookout.android.dex.scan.heuristic,StringPresentTest,0,284,0,0,0,37,0,7,0,7
"test (Nov 24, 2014 6:06:21 PM)/security/test",com.lookout.android.dex.scan.heuristic,ContainsSequenceTest,7,615,2,10,2,97,2,17,0,13
"test (Nov 24, 2014 6:06:21 PM)/security/test",com.lookout.android.dex.scan.heuristic,StringMatchesTest,0,210,0,0,0,27,0,4,0,4
"test (Nov 24, 2014 6:06:21 PM)/security/test",com.lookout.android.dex.scan.heuristic,DexHeuristicTest.new DexHeuristic() {...},0,9,0,0,0,4,0,2,0,2
"test (Nov 24, 2014 6:06:21 PM)/security/test",com.lookout.android.dex.scan.heuristic,ClassDefinedTest,0,395,0,0,0,53,0,6,0,6
"test (Nov 24, 2014 6:06:21 PM)/security/test",com.lookout.android.dex.scan.heuristic,DexHeuristicTest,8,43,0,0,1,12,0,4,0,4
"test (Nov 24, 2014 6:06:21 PM)/security/test",com.lookout.mimetype.test,TestTikaResourceMetadataFactory.TestResourceMetadataFactory,13,0,0,0,2,0,2,0,2,0
"test (Nov 24, 2014 6:06:21 PM)/security/test",com.lookout.mimetype.test,TestTikaFileFactory.TestAssertionListener,25,0,4,0,4,0,5,0,3,0
"test (Nov 24, 2014 6:06:21 PM)/security/test",com.lookout.mimetype.test,TestTikaFileFactory.MockPolicyFactory,12,0,0,0,4,0,2,0,2,0
"test (Nov 24, 2014 6:06:21 PM)/security/test",com.lookout.mimetype.test,MagicTypesTests.TestMagicTypes,0,16,0,0,0,6,0,3,0,3
"test (Nov 24, 2014 6:06:21 PM)/security/test",com.lookout.mimetype.test,MagicTypesTests,0,240,0,0,0,60,0,12,0,12
"test (Nov 24, 2014 6:06:21 PM)/security/test",com.lookout.mimetype.test,TestTikaFileFactory,393,6,16,0,93,2,12,2,4,2
"test (Nov 24, 2014 6:06:21 PM)/security/test",com.lookout.mimetype.test,TestIpaDetector,24,152,0,0,4,36,0,11,0,11
"test (Nov 24, 2014 6:06:21 PM)/security/test",com.lookout.mimetype.test,TestTikaResourceMetadataFactory,72,634,2,2,18,160,4,18,2,18
"test (Nov 24, 2014 6:06:21 PM)/security/test",com.lookout.mimetype.test,TestTikaResourceMetadataFactory.TestErrorsInScanningListener,5,68,0,10,5,18,5,13,5,8
"test (Nov 24, 2014 6:06:21 PM)/security/test",com.lookout.mimetype.test,TestApkDetector,0,118,0,0,0,19,0,4,0,4
"test (Nov 24, 2014 6:06:21 PM)/security/test",com.lookout.android.dex.file.test,TestMethodItem,0,54,0,2,0,12,0,4,0,3
"test (Nov 24, 2014 6:06:21 PM)/security/test",com.lookout.android.dex.file,ClassDefinitionSectionTest,0,66,0,0,0,16,0,3,0,3
"test (Nov 24, 2014 6:06:21 PM)/security/test",com.lookout.definition.v3.test,ComponentPolicyTests,34,743,6,11,10,153,7,19,1,15
"test (Nov 24, 2014 6:06:21 PM)/security/test",com.lookout.definition.v3.test,PolicyTests,16,350,1,1,2,80,2,10,1,10
"test (Nov 24, 2014 6:06:21 PM)/security/test",com.lookout.definition.v3.test,TestApiPolicy,7,314,0,0,1,74,0,13,0,13
"test (Nov 24, 2014 6:06:21 PM)/security/test",com.lookout.definition.v3.test,SignatureTableTests,5,88,0,0,2,24,0,8,0,8
"test (Nov 24, 2014 6:06:21 PM)/security/test",com.lookout.definition.v3.test,PolicyTests.TestKnowledgeBase,0,6,0,0,0,3,0,1,0,1
"test (Nov 24, 2014 6:06:21 PM)/security/test",com.lookout.definition.v3.test,AssertionDefinitionTest,0,24,0,0,0,6,0,2,0,2
"test (Nov 24, 2014 6:06:21 PM)/security/test",com.lookout.definition.v3.test,AssetContextTest,0,9,0,0,0,3,0,2,0,2
"test (Nov 24, 2014 6:06:21 PM)/security/test",com.lookout.definition.v3.test,ComponentPolicyTests.MockComponentSignature,1,52,3,8,1,15,3,7,0,4
"test (Nov 24, 2014 6:06:21 PM)/security/test",com.lookout.definition.v3.test,PolicyTests.TestWhitelistSecurityPolicy,0,12,0,0,0,5,0,5,0,5
"test (Nov 24, 2014 6:06:21 PM)/security/test",com.lookout.definition.v3.test,PolicyAssertionFactoryTests,0,52,0,0,0,14,0,4,0,4
"test (Nov 24, 2014 6:06:21 PM)/security/test",com.lookout.scan.file.zip,TestZipAnomalies,64,259,2,11,12,63,2,17,0,10
"test (Nov 24, 2014 6:06:21 PM)/security/test",com.lookout.scan.file.zip,TestZipAnomalies.CreatedRAZip,0,129,0,0,0,30,0,3,0,3
"test (Nov 24, 2014 6:06:21 PM)/security/test",com.lookout.scan.file.zip,TestZipAnomalies.CreatedStreamingZip,12,90,0,0,1,19,1,4,1,4
"test (Nov 24, 2014 6:06:21 PM)/security/test",com.lookout.android.dex.vm.test,TestTypes,0,42,0,0,0,13,0,4,0,4
"test (Nov 24, 2014 6:06:21 PM)/security/test",com.lookout.android.dex.vm.test,TestInvocationInstructions,0,76,0,0,0,17,0,10,0,10
"test (Nov 24, 2014 6:06:21 PM)/security/test",com.lookout.android.dex.vm.test,TestArrayInstructions,0,263,0,0,0,24,0,6,0,6
"test (Nov 24, 2014 6:06:21 PM)/security/test",com.lookout.android.dex.vm.test,TestSwitchInstructions,0,98,0,0,0,20,0,3,0,3
"test (Nov 24, 2014 6:06:21 PM)/security/test",com.lookout.android.dex.vm.test,TestSymbolicHeap,0,131,0,2,0,28,0,8,0,7
"test (Nov 24, 2014 6:06:21 PM)/security/test",com.lookout.android.dex.vm.test,BasicInstructionCase,44,124,1,3,7,32,4,11,3,10
"test (Nov 24, 2014 6:06:21 PM)/security/test",com.lookout.android.dex.vm.test,TestIfTestInstructions,0,115,0,0,0,27,0,5,0,5
"test (Nov 24, 2014 6:06:21 PM)/security/test",com.lookout.android.dex.vm.test,TestOutOfBandExecution,373,3,28,0,81,1,21,1,7,1
"test (Nov 24, 2014 6:06:21 PM)/security/test",com.lookout.android.dex.vm.test,TestInstanceOperations,0,45,0,0,0,10,0,6,0,6
"test (Nov 24, 2014 6:06:21 PM)/security/test",com.lookout.android.dex.vm.test,TestConstInstructionExecution,0,172,0,0,0,42,0,16,0,16
"test (Nov 24, 2014 6:06:21 PM)/security/test",com.lookout.android.dex.vm.test,TestMoveInstructions,0,106,0,0,0,29,0,16,0,16
"test (Nov 24, 2014 6:06:21 PM)/security/test",com.lookout.android.dex.vm.test,TestDexClassLoader,0,38,0,0,0,10,0,4,0,4
"test (Nov 24, 2014 6:06:21 PM)/security/test",com.lookout.android.dex.vm.test,TestGotoInstructions,0,124,0,0,0,31,0,8,0,8
"test (Nov 24, 2014 6:06:21 PM)/security/test",com.lookout.android.dex.vm.test,TestClassLoaderLibrary,0,51,0,0,0,14,0,5,0,5
"test (Nov 24, 2014 6:06:21 PM)/security/test",com.lookout.android.dex.vm.test,TestNonexistenceRobustness,0,58,0,0,0,17,0,5,0,5
"test (Nov 24, 2014 6:06:21 PM)/security/test",com.lookout.android.dex.vm.test,TestEntrypointExecutor,11,47,0,0,2,12,0,3,0,3
"test (Nov 24, 2014 6:06:21 PM)/security/test",com.lookout.android.dex.vm.test,TestArithmeticInstructions,0,595,0,0,0,52,0,9,0,9
"test (Nov 24, 2014 6:06:21 PM)/security/test",com.lookout.android.dex.vm.test,DexCase,15,36,1,3,1,9,1,5,0,4
"test (Nov 24, 2014 6:06:21 PM)/security/test",com.lookout.scan.test,HasAssessmentTests,5,205,3,3,0,40,3,5,0,5
"test (Nov 24, 2014 6:06:21 PM)/security/test",com.lookout.scan.test,BasicPolicyFactoryTests,6,62,0,0,2,15,0,4,0,4
"test (Nov 24, 2014 6:06:21 PM)/security/test",com.lookout.scan.test,AssertionSetTests,0,101,0,0,0,24,0,5,0,5
"test (Nov 24, 2014 6:06:21 PM)/security/test",com.lookout.scan.test,TestSymbolicScanner.new MockPolicyFactory() {...},14,0,0,0,3,0,2,0,2,0
"test (Nov 24, 2014 6:06:21 PM)/security/test",com.lookout.scan.test,SmsContentPolicyTests,74,103,6,0,16,23,6,5,3,5
"test (Nov 24, 2014 6:06:21 PM)/security/test",com.lookout.scan.test,BasicPolicyTests,6,88,0,0,2,19,0,4,0,4
"test (Nov 24, 2014 6:06:21 PM)/security/test",com.lookout.scan.test,TyperTests,0,95,0,0,0,20,0,6,0,6
"test (Nov 24, 2014 6:06:21 PM)/security/test",com.lookout.scan.test,DuplicatePackageEntryDetectorTests,0,232,0,0,0,43,0,6,0,6
"test (Nov 24, 2014 6:06:21 PM)/security/test",com.lookout.scan.test,AssetPolicyTests,0,454,0,0,0,99,0,8,0,8
"test (Nov 24, 2014 6:06:21 PM)/security/test",com.lookout.scan.test,MockPolicyFactory,4,11,1,1,1,4,1,2,0,2
"test (Nov 24, 2014 6:06:21 PM)/security/test",com.lookout.scan.test,SmsContentPolicyTests.TestAssertionListener,0,13,0,0,0,4,0,3,0,3
"test (Nov 24, 2014 6:06:21 PM)/security/test",com.lookout.scan.test,BasicPolicyFactoryTests.AnotherResource,0,7,0,0,0,3,0,1,0,1
"test (Nov 24, 2014 6:06:21 PM)/security/test",com.lookout.scan.test,MockAssertion,18,77,1,3,2,22,2,10,1,9
"test (Nov 24, 2014 6:06:21 PM)/security/test",com.lookout.scan.test,AssertionFilterTests,0,438,0,0,0,83,0,9,0,9
"test (Nov 24, 2014 6:06:21 PM)/security/test",com.lookout.scan.test,TestSymbolicScanner.MockSymbolicScanContext,32,0,2,0,10,0,3,0,2,0
"test (Nov 24, 2014 6:06:21 PM)/security/test",com.lookout.scan.test,ResourceMetadataTests,0,15,0,0,0,6,0,3,0,3
"test (Nov 24, 2014 6:06:21 PM)/security/test",com.lookout.scan.test,PolicyManagerTests,158,47,10,0,31,14,9,3,4,3
"test (Nov 24, 2014 6:06:21 PM)/security/test",com.lookout.scan.test,AssertionResolverTests,14,1458,14,14,0,278,14,27,0,27
"test (Nov 24, 2014 6:06:21 PM)/security/test",com.lookout.scan.test,MockHeuristic,8,21,1,1,4,9,3,3,2,3
"test (Nov 24, 2014 6:06:21 PM)/security/test",com.lookout.scan.test,TestSymbolicScanner,47,3,0,0,10,1,3,1,3,1
"test (Nov 24, 2014 6:06:21 PM)/security/test",com.lookout.scan.test,MockScanContext,6,30,0,2,1,10,0,3,0,2
"test (Nov 24, 2014 6:06:21 PM)/security/test",com.lookout.scan.test,MockResource,7,24,0,0,2,10,2,5,2,5
"test (Nov 24, 2014 6:06:21 PM)/security/test",com.lookout.scan.test,ContainerInspectionFactoryTests,0,287,0,0,0,59,0,5,0,5
"test (Nov 24, 2014 6:06:21 PM)/security/test",com.lookout.scan.test,MockScanner,11,35,0,2,3,12,1,7,1,6
"test (Nov 24, 2014 6:06:21 PM)/security/test",com.lookout.scan.test,StreamBufferTests,3,578,9,15,0,113,9,16,0,13
"test (Nov 24, 2014 6:06:21 PM)/security/test",com.lookout.scan.test,ScannableInputStreamTests,0,116,0,0,0,25,0,3,0,3
"test (Nov 24, 2014 6:06:21 PM)/security/test",com.lookout.scan.test,ResourceAssertionSetTests,12,54,4,2,0,13,3,5,0,5
"test (Nov 24, 2014 6:06:21 PM)/security/test",com.lookout.scan.test,BasicScanContextTests,0,247,0,0,0,47,0,6,0,6
"test (Nov 24, 2014 6:06:21 PM)/security/test",com.lookout.scan.test,BasicScanContextTests.TestAssertionListener,0,13,0,0,0,4,0,2,0,2
"test (Nov 24, 2014 6:06:21 PM)/security/test",com.lookout.scan.test,BasicScanContextTests.TestScanListener,9,64,0,0,4,19,3,5,3,5
"test (Nov 24, 2014 6:06:21 PM)/security/test",com.lookout.scan.test,AssetSignatureTests,0,342,0,0,0,63,0,11,0,11
"test (Nov 24, 2014 6:06:21 PM)/security/test",com.lookout.scan.test,MockGreedyAssertion,70,51,6,2,15,11,8,5,4,5
"test (Nov 24, 2014 6:06:21 PM)/security/test",com.lookout.scan.heuristic.test,ResourceSignatureHeuristicTest,7,140,1,5,1,28,1,6,0,4
"test (Nov 24, 2014 6:06:21 PM)/security/test",com.lookout.scan.heuristic.test,TestChlParser,22,2553,1,25,4,408,2,57,1,45
"test (Nov 24, 2014 6:06:21 PM)/security/test",com.lookout.scan.heuristic.test,ResourceSignatureHeuristicTest.MockResourceSignatureHeuristic,6,18,0,0,2,5,0,2,0,2
"test (Nov 24, 2014 6:06:21 PM)/security/test",com.lookout.android.apk.file,TestSignatureIntegrityValidationHeuristic,0,475,0,0,0,103,0,13,0,13
"test (Nov 24, 2014 6:06:21 PM)/security/test",com.lookout.android.apk.file,TestPackageSignerEquivalenceHeuristic,0,97,0,0,0,22,0,5,0,5
"test (Nov 24, 2014 6:06:21 PM)/security/test",com.lookout.android.apk.file,TestSignatures,15,280,0,0,4,80,0,11,0,11
"test (Nov 24, 2014 6:06:21 PM)/security/test",com.lookout.android.apk.file,TestLongLabelHeuristic,0,282,0,0,0,57,0,10,0,10
"test (Nov 24, 2014 6:06:21 PM)/security/test",com.lookout.android.apk.file,TestApkFile,0,254,0,0,0,66,0,18,0,18
